target_id	length	eff_length	est_counts	tpm
BcK1E1_00001	1476	1327	28588	333.745
BcK1E1_00002	1125	976	19984	317.201
BcK1E1_00003	1203	1054	2909	42.7567
BcK1E1_00004	486	337	431	19.8129
BcK1E1_00005	2097	1948	67659	538.069
BcK1E1_00006	2706	2557	81770	495.41
BcK1E1_00007	540	391	18598	736.87
BcK1E1_00008	1347	1198	19689	254.606
BcK1E1_00009	468	319	396	19.2312
BcK1E1_00010	966	817	1871	35.4775
BcK1E1_00011	1449	1300	3005	35.8099
BcK1E1_00012	324	175	512	45.3245
BcK1E1_00013	1446	1297	100	1.19443
BcK1E1_00014	1170	1021	88	1.33524
BcK1E1_00015	180	33.6633	3	1.38059
BcK1E1_00016	447	298	244	12.6846
BcK1E1_00017	717	568	2771	75.577
BcK1E1_00018	74	5.2474	0	0
BcK1E1_00019	74	5.2474	0	0
BcK1E1_00020	75	5.29865	0	0
BcK1E1_00021	777	628	512	12.6302
BcK1E1_00022	984	835	2908	53.9522
BcK1E1_00023	1332	1183	3980	52.1195
BcK1E1_00024	1335	1186	1846	24.1129
BcK1E1_00025	696	547	3177	89.977
BcK1E1_00026	2757	2608	82969	492.844
BcK1E1_00027	1842	1693	6409	58.6455
BcK1E1_00028	1629	1480	5777	60.4703
BcK1E1_00029	1101	952	11709	190.539
BcK1E1_00030	381	232	5636	376.344
BcK1E1_00031	438	289	341	18.2792
BcK1E1_00032	2448	2299	80374	541.599
BcK1E1_00033	228	79.0036	4891	959.075
BcK1E1_00034	795	646	3412	81.8235
BcK1E1_00035	1488	1339	3368	38.9666
BcK1E1_00036	474	325	9662	460.559
BcK1E1_00037	768	619	2456	61.4666
BcK1E1_00038	1092	943	3136	51.5188
BcK1E1_00039	645	496	1812	56.595
BcK1E1_00040	2097	1948	15260	121.358
BcK1E1_00041	945	796	5663	110.214
BcK1E1_00042	1467	1318	13934	163.78
BcK1E1_00043	1626	1477	18538	194.439
BcK1E1_00044	1617	1468	20754	219.017
BcK1E1_00045	516	367	8401	354.623
BcK1E1_00046	708	559	22986	637.02
BcK1E1_00047	2448	2299	9134	61.5494
BcK1E1_00048	1266	1117	808	11.2062
BcK1E1_00049	657	508	196	5.97715
BcK1E1_00050	1071	922	2645	44.4423
BcK1E1_00051	984	835	1357	25.1765
BcK1E1_00052	228	79.0036	36	7.05923
BcK1E1_00053	86	5.93769	0	0
BcK1E1_00054	249	100	1107	171.494
BcK1E1_00055	1257	1108	98	1.37021
BcK1E1_00056	717	568	283	7.71862
BcK1E1_00057	1368	1219	7244	92.0611
BcK1E1_00058	1956	1807	23823	204.24
BcK1E1_00059	2487	2338	9492	62.8948
BcK1E1_00060	1011	862	2964	53.2687
BcK1E1_00061	1506	1357	8341	95.2226
BcK1E1_00062	1455	1306	19198	227.727
BcK1E1_00063	1101	952	8203	133.486
BcK1E1_00064	74	5.2474	0	0
BcK1E1_00065	654	505	202	6.19672
BcK1E1_00066	1560	1411	10128	111.198
BcK1E1_00067	795	646	3166	75.9242
BcK1E1_00068	1101	952	3168	51.5525
BcK1E1_00069	954	805	3058	58.8496
BcK1E1_00070	2640	2491	5896	36.6678
BcK1E1_00071	384	235	135	8.89954
BcK1E1_00072	1167	1018	128	1.94789
BcK1E1_00073	135	12.1958	5	6.35129
BcK1E1_00074	1284	1135	1139	15.5464
BcK1E1_00075	957	808	3654	70.0582
BcK1E1_00076	2331	2182	4392	31.1824
BcK1E1_00077	2700	2551	3774	22.9189
BcK1E1_00078	1104	955	4656	75.5286
BcK1E1_00079	1287	1138	39107	532.37
BcK1E1_00080	1515	1366	7848	89.0041
BcK1E1_00081	1095	946	6873	112.553
BcK1E1_00082	396	247	1699	106.561
BcK1E1_00083	1086	937	1630	26.9494
BcK1E1_00084	1515	1366	6587	74.7031
BcK1E1_00085	126	10.3458	26	38.9324
BcK1E1_00086	1602	1453	3318	35.3763
BcK1E1_00087	1350	1201	4915	63.399
BcK1E1_00088	1053	904	23273.5	398.837
BcK1E1_00089	1041	892	65296.5	1134.03
BcK1E1_00090	1818	1669	8475	78.6656
BcK1E1_00091	1464	1315	3755	44.237
BcK1E1_00092	279	130	6	0.715006
BcK1E1_00093	1035	886	2283	39.9185
BcK1E1_00094	1470	1321	6316	74.0697
BcK1E1_00095	2943	2794	3238	17.9536
BcK1E1_00096	1458	1309	5943	70.3344
BcK1E1_00097	492	343	54	2.43894
BcK1E1_00098	1011	862	87	1.56356
BcK1E1_00099	3666	3517	774	3.40934
BcK1E1_00100	1599	1450	1191	12.7246
BcK1E1_00101	549	400	35	1.35553
BcK1E1_00102	1539	1390	9326	103.94
BcK1E1_00103	915	766	793	16.0378
BcK1E1_00104	714	565	342	9.37733
BcK1E1_00105	225	76.0064	99	20.1784
BcK1E1_00106	1074	925	2186	36.6109
BcK1E1_00107	492	343	740	33.4225
BcK1E1_00108	1752	1603	4656	44.9967
BcK1E1_00109	1845	1696	5411	49.4257
BcK1E1_00110	981	832	3182	59.2486
BcK1E1_00111	1167	1018	642	9.76987
BcK1E1_00112	1797	1648	7917	74.4226
BcK1E1_00113	657	508	7158	218.288
BcK1E1_00114	1272	1123	2823	38.9433
BcK1E1_00115	1365	1216	3809	48.5265
BcK1E1_00116	108	7.80511	1	1.98483
BcK1E1_00117	1260	1111	4009	55.9015
BcK1E1_00118	822	673	2496	57.4554
BcK1E1_00119	558	409	2520	95.4506
BcK1E1_00120	654	505	2047	62.7954
BcK1E1_00121	2193	2044	10412	78.9141
BcK1E1_00122	2880	2731	8673	49.1982
BcK1E1_00123	1272	1123	6261	86.3705
BcK1E1_00124	237	88.0006	346	60.9105
BcK1E1_00125	74	5.2474	0	0
BcK1E1_00126	1656	1507	10595	108.915
BcK1E1_00127	1032	883	5374	94.2841
BcK1E1_00128	810	661	2594	60.7953
BcK1E1_00129	294	145	1050	112.182
BcK1E1_00130	174	29.2345	74	39.2137
BcK1E1_00131	1263	1114	23557	327.594
BcK1E1_00132	1296	1147	10037	135.563
BcK1E1_00133	339	190	4543	370.417
BcK1E1_00134	1827	1678	291	2.6866
BcK1E1_00135	1449	1300	5739	68.3903
BcK1E1_00136	1527	1378	7766	87.3071
BcK1E1_00137	759	610	2320	58.9196
BcK1E1_00138	249	100	8106	1255.76
BcK1E1_00139	1854	1705	13507	122.726
BcK1E1_00140	1065	916	9726	164.49
BcK1E1_00141	642	493	16017	503.31
BcK1E1_00142	744	595	2267	59.025
BcK1E1_00143	1098	949	3197	52.1889
BcK1E1_00144	2235	2086	66602	494.623
BcK1E1_00145	831	682	63	1.43106
BcK1E1_00146	990	841	36	0.663144
BcK1E1_00147	573	424	32	1.16919
BcK1E1_00148	525	376	34	1.40085
BcK1E1_00149	288	139	35	3.90081
BcK1E1_00150	375	226	50	3.42739
BcK1E1_00151	411	262	59	3.48861
BcK1E1_00152	1152	1003	1687	26.0565
BcK1E1_00153	597	448	913	31.5714
BcK1E1_00154	2598	2449	16447	104.04
BcK1E1_00155	603	454	1854	63.2638
BcK1E1_00156	762	613	7391	186.786
BcK1E1_00157	567	418	6897	255.615
BcK1E1_00158	1095	946	8182	133.989
BcK1E1_00159	492	343	843	38.0746
BcK1E1_00160	801	652	1987	47.2119
BcK1E1_00161	1596	1447	2440	26.123
BcK1E1_00162	1911	1762	37727	331.702
BcK1E1_00163	105	7.48819	0	0
BcK1E1_00164	1533	1384	7129	79.7984
BcK1E1_00165	1659	1510	547	5.61193
BcK1E1_00166	1593	1444	615	6.59796
BcK1E1_00167	2133	1984	1299	10.1431
BcK1E1_00168	1077	928	5367	89.5953
BcK1E1_00169	1020	871	600	10.6717
BcK1E1_00170	1272	1123	3458	47.7031
BcK1E1_00171	915	766	1710	34.5835
BcK1E1_00172	897	748	1151	23.8383
BcK1E1_00173	474	325	841	40.088
BcK1E1_00174	1065	916	879	14.866
BcK1E1_00175	2295	2146	22736	164.129
BcK1E1_00176	1143	994	16399	255.583
BcK1E1_00177	1179	1030	17528	263.631
BcK1E1_00178	1245	1096	8481	119.878
BcK1E1_00179	3057	2908	34683	184.767
BcK1E1_00180	654	505	2375	72.8574
BcK1E1_00181	1155	1006	2456	37.8209
BcK1E1_00182	1038	889	1744	30.3911
BcK1E1_00183	261	112	8747	1209.88
BcK1E1_00184	1650	1501	9039	93.2913
BcK1E1_00185	558	409	7059	267.375
BcK1E1_00186	1593	1444	38549	413.569
BcK1E1_00187	1518	1369	37892	428.791
BcK1E1_00188	348	199	389	30.2829
BcK1E1_00189	537	388	3487	139.226
BcK1E1_00190	1425	1276	3419	41.5097
BcK1E1_00191	660	511	1829	55.4491
BcK1E1_00192	1038	889	16699	290.998
BcK1E1_00193	897	748	3219	66.6685
BcK1E1_00194	1224	1075	1373	19.7863
BcK1E1_00195	294	145	62	6.62408
BcK1E1_00196	1560	1411	38745	425.393
BcK1E1_00197	74	5.2474	0	0
BcK1E1_00198	75	5.29865	0	0
BcK1E1_00199	726	577	785	21.0764
BcK1E1_00200	2877	2728	3576	20.3074
BcK1E1_00201	1419	1270	3466	42.2792
BcK1E1_00202	822	673	12768	293.907
BcK1E1_00203	1404	1255	6221	76.7924
BcK1E1_00204	690	541	2845	81.4679
BcK1E1_00205	1647	1498	1444	14.9333
BcK1E1_00206	1194	1045	4841	71.7663
BcK1E1_00207	1326	1177	22694	298.701
BcK1E1_00208	1416	1267	961	11.7503
BcK1E1_00209	3396	3247	697	3.32546
BcK1E1_00210	1467	1318	473	5.55965
BcK1E1_00211	966	817	56	1.06186
BcK1E1_00212	519	370	53	2.21909
BcK1E1_00213	891	742	5947	124.164
BcK1E1_00214	999	850	10145	184.899
BcK1E1_00215	1428	1279	2112	25.5814
BcK1E1_00216	1155	1006	7291	112.277
BcK1E1_00217	1164	1015	549	8.3793
BcK1E1_00218	954	805	62	1.19316
BcK1E1_00219	864	715	160	3.46669
BcK1E1_00220	1182	1033	142	2.12956
BcK1E1_00221	1110	961	1816	29.2748
BcK1E1_00222	822	673	2772	63.8087
BcK1E1_00223	1218	1069	1156	16.7526
BcK1E1_00224	1206	1057	1353	19.8301
BcK1E1_00225	675	526	2331	68.6528
BcK1E1_00226	1191	1042	6432	95.6269
BcK1E1_00227	894	745	1322	27.4901
BcK1E1_00228	1329	1180	5429	71.2754
BcK1E1_00229	552	403	5671	218
BcK1E1_00230	735	586	3508	92.7392
BcK1E1_00231	213	64.0516	2	0.483728
BcK1E1_00232	324	175	840	74.3606
BcK1E1_00233	195	46.6066	119	39.555
BcK1E1_00234	276	127	417	50.8667
BcK1E1_00235	1602	1453	3441	36.6877
BcK1E1_00236	1089	940	1223	20.1558
BcK1E1_00237	258	109	3	0.426379
BcK1E1_00238	303	154	44	4.42623
BcK1E1_00239	333	184	109	9.1772
BcK1E1_00240	1347	1198	1489	19.2548
BcK1E1_00241	195	46.6066	6690	2223.72
BcK1E1_00242	2739	2590	2590	15.4918
BcK1E1_00243	603	454	1788	61.0117
BcK1E1_00244	930	781	1614	32.015
BcK1E1_00245	588	439	15897	560.986
BcK1E1_00246	234	85.0011	36023	6565.34
BcK1E1_00247	450	301	105363	5422.8
BcK1E1_00248	1035	886	1897	33.1692
BcK1E1_00249	1650	1501	23924	246.919
BcK1E1_00250	528	379	398	16.2684
BcK1E1_00251	534	385	345	13.8823
BcK1E1_00252	1671	1522	16224	165.137
BcK1E1_00253	810	661	2525	59.1782
BcK1E1_00254	2181	2032	9659	73.6394
BcK1E1_00255	540	391	507	20.0878
BcK1E1_00256	105	7.48819	0	0
BcK1E1_00257	1317	1168	2858	37.9071
BcK1E1_00258	549	400	7794	301.858
BcK1E1_00259	1872	1723	24109	216.768
BcK1E1_00260	816	667	3494	81.1519
BcK1E1_00261	1140	991	253	3.95502
BcK1E1_00262	855	706	7847.33	172.194
BcK1E1_00263	573	424	1078	39.3871
BcK1E1_00264	1140	991	253	3.95502
BcK1E1_00265	855	706	7847.33	172.194
BcK1E1_00266	573	424	1078	39.3871
BcK1E1_00267	1140	991	253	3.95502
BcK1E1_00268	855	706	7847.33	172.194
BcK1E1_00269	573	424	1078	39.3871
BcK1E1_00270	1140	991	253	3.95502
BcK1E1_00271	195	46.6066	31336	10415.9
BcK1E1_00272	627	478	7500	243.072
BcK1E1_00273	702	553	9606	269.103
BcK1E1_00274	495	346	2862	128.143
BcK1E1_00275	327	178	1195	104.004
BcK1E1_00276	1011	862	3918	70.414
BcK1E1_00277	435	286	411	22.2627
BcK1E1_00278	675	526	4356	128.293
BcK1E1_00279	765	616	5482	137.867
BcK1E1_00280	1323	1174	9735	128.46
BcK1E1_00281	1269	1120	6456	89.2991
BcK1E1_00282	76	5.35093	0	0
BcK1E1_00283	82	5.68809	0	0
BcK1E1_00284	1008	859	725	13.0751
BcK1E1_00285	1698	1549	232025	2320.52
BcK1E1_00286	366	217	41039	2929.8
BcK1E1_00287	651	502	3329	102.733
BcK1E1_00288	750	601	2195	56.5798
BcK1E1_00289	726	577	1279	34.3397
BcK1E1_00290	1506	1357	2231	25.4696
BcK1E1_00291	945	796	3066	59.6706
BcK1E1_00292	1206	1057	2749	40.2904
BcK1E1_00293	2829	2680	64482	372.739
BcK1E1_00294	309	160	42250	4090.8
BcK1E1_00295	252	103	35189	5292.63
BcK1E1_00296	1692	1543	42905	430.768
BcK1E1_00297	1134	985	9305	146.346
BcK1E1_00298	1224	1075	13376	192.761
BcK1E1_00299	76	5.35093	0	0
BcK1E1_00300	228	79.0036	3267	640.625
BcK1E1_00301	810	661	34561	810.003
BcK1E1_00302	432	283	131831	7216.6
BcK1E1_00303	693	544	206930	5892.86
BcK1E1_00304	780	631	2156	52.9323
BcK1E1_00305	2100	1951	6967	55.321
BcK1E1_00306	936	787	2095	41.2393
BcK1E1_00307	594	445	15311	533.022
BcK1E1_00308	1896	1747	31772	281.743
BcK1E1_00309	1683	1534	31160	314.683
BcK1E1_00310	9321	9172	235941	398.512
BcK1E1_00311	264	115	0	0
BcK1E1_00312	459	310	232	11.5939
BcK1E1_00313	74	5.2474	0	0
BcK1E1_00314	675	526	2239	65.9432
BcK1E1_00315	270	121	12879	1648.92
BcK1E1_00316	2664	2515	200621	1235.78
BcK1E1_00317	561	412	4208	158.227
BcK1E1_00318	2214	2065	5207	39.0633
BcK1E1_00319	1407	1258	2655	32.6953
BcK1E1_00320	864	715	11808	255.842
BcK1E1_00321	1539	1390	5343	59.5487
BcK1E1_00322	1017	868	4889	87.2573
BcK1E1_00323	795	646	3882	93.0946
BcK1E1_00324	690	541	3596	102.973
BcK1E1_00325	1479	1330	14035	163.479
BcK1E1_00326	1341	1192	23947	311.226
BcK1E1_00327	1134	985	4540	71.4038
BcK1E1_00328	1185	1036	4172	62.3859
BcK1E1_00329	708	559	2915	80.7846
BcK1E1_00330	1353	1204	2837	36.5035
BcK1E1_00331	705	556	1086	30.2591
BcK1E1_00332	1131	982	5047	79.6202
BcK1E1_00333	954	805	4590	88.3321
BcK1E1_00334	996	847	5233	95.7125
BcK1E1_00335	780	631	5159	126.659
BcK1E1_00336	780	631	1120	27.4973
BcK1E1_00337	1389	1240	36058	450.486
BcK1E1_00338	522	373	291580	12110.2
BcK1E1_00339	381	232	109129	7287.08
BcK1E1_00340	1410	1261	17680	217.204
BcK1E1_00341	3621	3472	51614	230.298
BcK1E1_00342	282	133	1868	217.584
BcK1E1_00343	543	394	48	1.88732
BcK1E1_00344	183	36.0583	354	152.09
BcK1E1_00345	531	382	790	32.038
BcK1E1_00346	678	529	972	28.4651
BcK1E1_00347	1203	1054	15379	226.042
BcK1E1_00348	294	145	23532	2514.16
BcK1E1_00349	83	5.74851	0	0
BcK1E1_00350	73	5.19716	0	0
BcK1E1_00351	75	5.29865	0	0
BcK1E1_00352	171	27.2129	13859	7889.66
BcK1E1_00353	1200	1051	7003	103.225
BcK1E1_00354	1497	1348	8435	96.9386
BcK1E1_00355	321	172	5568	501.502
BcK1E1_00356	1155	1006	4606	70.9296
BcK1E1_00357	1725	1576	3683	36.2032
BcK1E1_00358	993	844	842	15.4551
BcK1E1_00359	930	781	672	13.3297
BcK1E1_00360	852	703	744	16.3953
BcK1E1_00361	822	673	813	18.7144
BcK1E1_00362	1632	1483	1925	20.109
BcK1E1_00363	111	8.14747	0	0
BcK1E1_00364	2043	1894	2073	16.9559
BcK1E1_00365	1140	991	1244	19.4468
BcK1E1_00366	1590	1441	1858	19.9748
BcK1E1_00367	1452	1303	906	10.7717
BcK1E1_00368	90	6.21	0	0
BcK1E1_00369	1305	1156	1868	25.0334
BcK1E1_00370	1365	1216	4630	58.986
BcK1E1_00371	990	841	3956	72.8722
BcK1E1_00372	639	490	2103	66.4882
BcK1E1_00373	672	523	2975	88.1225
BcK1E1_00374	2163	2014	20074	154.41
BcK1E1_00375	450	301	219961	11320.9
BcK1E1_00376	492	343	237341	10719.6
BcK1E1_00377	2448	2299	9248	62.3176
BcK1E1_00378	402	253	290	17.7574
BcK1E1_00379	1131	982	1419	22.3858
BcK1E1_00380	1269	1120	21	0.290471
BcK1E1_00381	1041	892	151	2.62249
BcK1E1_00382	972	823	550	10.353
BcK1E1_00383	2730	2581	55181	331.21
BcK1E1_00384	309	160	159790	15471.5
BcK1E1_00385	642	493	311081	9775.26
BcK1E1_00386	666	517	291194	8725.56
BcK1E1_00387	297	148	81166	8495.99
BcK1E1_00388	831	682	440960	10016.5
BcK1E1_00389	279	130	155598	18542.2
BcK1E1_00390	360	211	146348	10745
BcK1E1_00391	804	655	375229	8874.76
BcK1E1_00392	420	271	195588	11180.8
BcK1E1_00393	258	109	101542	14431.8
BcK1E1_00394	261	112	110678	15308.9
BcK1E1_00395	369	220	122094	8597.52
BcK1E1_00396	336	187	118554	9821.46
BcK1E1_00397	573	424	401658	14675.5
BcK1E1_00398	186	38.5618	70850	28463.3
BcK1E1_00399	399	250	221273	13711.7
BcK1E1_00400	540	391	276331	10948.5
BcK1E1_00401	372	223	164848	11452
BcK1E1_00402	726	577	420327	11285.3
BcK1E1_00403	183	36.0583	43237	18576
BcK1E1_00404	447	298	186661	9703.73
BcK1E1_00405	1338	1189	73736	960.725
BcK1E1_00406	561	412	35914	1350.42
BcK1E1_00407	219	70.019	52109	11529.2
BcK1E1_00408	114	8.51793	1906	3466.49
BcK1E1_00409	378	229	109899	7434.64
BcK1E1_00410	399	250	92713	5745.16
BcK1E1_00411	999	850	295620	5387.86
BcK1E1_00412	483	334	98609	4573.74
BcK1E1_00413	996	847	1241	22.6981
BcK1E1_00414	267	118	61	8.00847
BcK1E1_00415	87	6.00353	0	0
BcK1E1_00416	885	736	1353	28.4788
BcK1E1_00417	1053	904	26414	452.655
BcK1E1_00418	2829	2680	181886	1051.4
BcK1E1_00419	504	355	5741	250.531
BcK1E1_00420	1107	958	15210	245.96
BcK1E1_00421	1227	1078	19269	276.912
BcK1E1_00422	840	691	358	8.02614
BcK1E1_00423	798	649	417	9.95389
BcK1E1_00424	771	622	6805	169.488
BcK1E1_00425	879	730	8913	189.148
BcK1E1_00426	861	712	15080	328.113
BcK1E1_00427	465	316	2271	111.335
BcK1E1_00428	1392	1243	8279	103.183
BcK1E1_00429	1479	1330	5205	60.6276
BcK1E1_00430	1419	1270	2205	26.8972
BcK1E1_00431	153	17.7996	3	2.61104
BcK1E1_00432	444	295	11	0.57766
BcK1E1_00433	1368	1219	1034	13.1407
BcK1E1_00434	384	235	62	4.0872
BcK1E1_00435	258	109	1	0.142126
BcK1E1_00436	1266	1117	2665	36.9612
BcK1E1_00437	894	745	1466	30.4845
BcK1E1_00438	855	706	848	18.6077
BcK1E1_00439	1359	1210	958	12.2654
BcK1E1_00440	960	811	1625	31.0409
BcK1E1_00441	117	8.91948	1	1.73685
BcK1E1_00442	231	82.002	51	9.6349
BcK1E1_00443	627	478	12880	417.436
BcK1E1_00444	90	6.21	0	0
BcK1E1_00445	699	550	25983	731.86
BcK1E1_00446	1281	1132	3703	50.6768
BcK1E1_00447	1677	1528	112195	1137.5
BcK1E1_00448	2088	1939	53438	426.947
BcK1E1_00449	867	718	5237	112.995
BcK1E1_00450	1107	958	4110	66.4627
BcK1E1_00451	1317	1168	49577	657.565
BcK1E1_00452	86	5.93769	0	0
BcK1E1_00453	1017	868	1080	19.2755
BcK1E1_00454	1002	853	638	11.5871
BcK1E1_00455	1452	1303	4458	53.0026
BcK1E1_00456	561	412	1696	63.772
BcK1E1_00457	1071	922	411	6.90578
BcK1E1_00458	1494	1345	408	4.69937
BcK1E1_00459	1365	1216	202	2.57347
BcK1E1_00460	783	634	475	11.6066
BcK1E1_00461	687	538	1365	39.3054
BcK1E1_00462	1560	1411	1660	18.2256
BcK1E1_00463	1923	1774	8712	76.0792
BcK1E1_00464	567	418	1534	56.8526
BcK1E1_00465	648	499	547	16.982
BcK1E1_00466	2145	1996	5300	41.1355
BcK1E1_00467	1188	1039	2299	34.2788
BcK1E1_00468	75	5.29865	0	0
BcK1E1_00469	1620	1471	36903	388.643
BcK1E1_00470	1050	901	1277	21.9567
BcK1E1_00471	1356	1207	968	12.4242
BcK1E1_00472	801	652	248	5.89258
BcK1E1_00473	1005	856	1440	26.061
BcK1E1_00474	741	592	80451	2105.29
BcK1E1_00475	1881	1732	4608	41.216
BcK1E1_00476	681	532	6483	188.784
BcK1E1_00477	1182	1033	4527	67.8909
BcK1E1_00478	255	106	2374	346.958
BcK1E1_00479	1143	994	9032	140.766
BcK1E1_00480	936	787	29310	576.956
BcK1E1_00481	759	610	38812	985.684
BcK1E1_00482	1035	886	26467	462.778
BcK1E1_00483	414	265	4697	274.585
BcK1E1_00484	912	763	14840	301.308
BcK1E1_00485	666	517	16481	493.849
BcK1E1_00486	498	349	14959	664.016
BcK1E1_00487	75	5.29865	0	0
BcK1E1_00488	1011	862	74108	1331.86
BcK1E1_00489	894	745	2848	59.2223
BcK1E1_00490	73	5.19716	0	0
BcK1E1_00491	75	5.29865	0	0
BcK1E1_00492	76	5.35093	0	0
BcK1E1_00493	2208	2059	2354	17.7114
BcK1E1_00494	915	766	814	16.4626
BcK1E1_00495	1878	1729	2266	20.3033
BcK1E1_00496	603	454	321	10.9534
BcK1E1_00497	849	700	364	8.05573
BcK1E1_00498	1539	1390	133	1.48231
BcK1E1_00499	1812	1663	437	4.0709
BcK1E1_00500	825	676	104	2.38335
BcK1E1_00501	651	502	2892	89.2475
BcK1E1_00502	2178	2029	8207	62.662
BcK1E1_00503	1152	1003	104712	1617.32
BcK1E1_00504	936	787	4138	81.4549
BcK1E1_00505	1539	1390	14390	160.379
BcK1E1_00506	1224	1075	10987	158.333
BcK1E1_00507	1446	1297	8466	101.121
BcK1E1_00508	1095	946	2321	38.0089
BcK1E1_00509	573	424	8477	309.726
BcK1E1_00510	2103	1954	47881	379.612
BcK1E1_00511	639	490	11482	363.014
BcK1E1_00512	900	751	11340	233.924
BcK1E1_00513	1524	1375	16678	187.907
BcK1E1_00514	552	403	2698	103.714
BcK1E1_00515	915	766	3156	63.8278
BcK1E1_00516	1677	1528	31941	323.837
BcK1E1_00517	462	313	994	49.1976
BcK1E1_00518	456	307	820	41.3787
BcK1E1_00519	639	490	2118	66.9625
BcK1E1_00520	426	277	222	12.4158
BcK1E1_00521	846	697	518	11.5133
BcK1E1_00522	105	7.48819	0	0
BcK1E1_00523	444	295	31	1.62795
BcK1E1_00524	1500	1351	1538	17.6361
BcK1E1_00525	1281	1132	7557	103.42
BcK1E1_00526	1347	1198	1709	22.0997
BcK1E1_00527	1695	1546	2493	24.9813
BcK1E1_00528	1020	871	1059	18.8356
BcK1E1_00529	1275	1126	1126	15.4918
BcK1E1_00530	1044	895	565	9.77973
BcK1E1_00531	894	745	616	12.8093
BcK1E1_00532	1632	1483	721	7.53175
BcK1E1_00533	1965	1816	782	6.67102
BcK1E1_00534	630	481	2638	84.9633
BcK1E1_00535	1521	1372	1667	18.8227
BcK1E1_00536	1227	1078	4246	61.0187
BcK1E1_00537	75	5.29865	0	0
BcK1E1_00538	213	64.0516	38555	9325.07
BcK1E1_00539	1089	940	9850	162.334
BcK1E1_00540	975	826	5793	108.649
BcK1E1_00541	1197	1048	39817	588.584
BcK1E1_00542	927	778	17341	345.3
BcK1E1_00543	1161	1012	22526	344.83
BcK1E1_00544	798	649	16026	382.545
BcK1E1_00545	705	556	12556	349.847
BcK1E1_00546	663	514	15734	474.218
BcK1E1_00547	1161	1012	10780	165.021
BcK1E1_00548	1527	1378	82874	931.688
BcK1E1_00549	651	502	12588	388.467
BcK1E1_00550	885	736	9957	209.581
BcK1E1_00551	1407	1258	6957	85.6728
BcK1E1_00552	1836	1687	33895	311.259
BcK1E1_00553	537	388	542	21.6406
BcK1E1_00554	2082	1933	20692	165.833
BcK1E1_00555	780	631	16640	408.531
BcK1E1_00556	1293	1144	5610	75.9693
BcK1E1_00557	990	841	9975	183.746
BcK1E1_00558	480	331	3140	146.961
BcK1E1_00559	1131	982	17920	282.701
BcK1E1_00560	1314	1165	21385	284.371
BcK1E1_00561	924	775	10722	214.326
BcK1E1_00562	1422	1273	18936	230.442
BcK1E1_00563	480	331	6349	297.152
BcK1E1_00564	948	799	12017	232.997
BcK1E1_00565	942	793	2562.18	50.0539
BcK1E1_00566	930	781	25298.8	501.823
BcK1E1_00567	984	835	22049	409.076
BcK1E1_00568	795	646	14673	351.875
BcK1E1_00569	1893	1744	25845	229.579
BcK1E1_00570	753	604	852	21.8527
BcK1E1_00571	1293	1144	6450	87.3444
BcK1E1_00572	2070	1921	26839	216.441
BcK1E1_00573	1428	1279	5913	71.6208
BcK1E1_00574	771	622	4458	111.033
BcK1E1_00575	1284	1135	6826	93.1691
BcK1E1_00576	1656	1507	6892	70.849
BcK1E1_00577	981	832	1987	36.9978
BcK1E1_00578	945	796	2541	49.4531
BcK1E1_00579	783	634	1866	45.5957
BcK1E1_00580	771	622	1708	42.5402
BcK1E1_00581	1011	862	7766	139.57
BcK1E1_00582	1182	1033	14794	221.864
BcK1E1_00583	1950	1801	8255	71.0076
BcK1E1_00584	486	337	1750	80.447
BcK1E1_00585	537	388	3450	137.749
BcK1E1_00586	1428	1279	6905	83.6363
BcK1E1_00587	1584	1435	7584	81.8744
BcK1E1_00588	603	454	1528	52.1398
BcK1E1_00589	1170	1021	1301	19.7403
BcK1E1_00590	426	277	33	1.84559
BcK1E1_00591	849	700	90	1.9918
BcK1E1_00592	723	574	65	1.7543
BcK1E1_00593	648	499	89	2.76306
BcK1E1_00594	630	481	136	4.38021
BcK1E1_00595	1260	1111	981	13.6791
BcK1E1_00596	2082	1933	6685	53.5761
BcK1E1_00597	1197	1048	10966	162.102
BcK1E1_00598	77	5.40428	0	0
BcK1E1_00599	2016	1867	2655	22.0304
BcK1E1_00600	76	5.35093	0	0
BcK1E1_00601	74	5.2474	0	0
BcK1E1_00602	73	5.19716	0	0
BcK1E1_00603	615	466	734	24.4012
BcK1E1_00604	657	508	5880	179.314
BcK1E1_00605	675	526	4169	122.786
BcK1E1_00606	837	688	7507	169.036
BcK1E1_00607	906	757	40674	832.382
BcK1E1_00608	1023	874	608	10.7769
BcK1E1_00609	876	727	782	16.6638
BcK1E1_00610	1062	913	546	9.26453
BcK1E1_00611	660	511	265	8.0339
BcK1E1_00612	1179	1030	949	14.2735
BcK1E1_00613	1236	1087	629	8.96443
BcK1E1_00614	1311	1162	828	11.0389
BcK1E1_00615	900	751	27780	573.052
BcK1E1_00616	735	586	5199	137.443
BcK1E1_00617	1137	988	8745	137.121
BcK1E1_00618	1473	1324	11505	134.617
BcK1E1_00619	1917	1768	10423	91.3297
BcK1E1_00620	990	841	2968	54.6726
BcK1E1_00621	498	349	5133	227.849
BcK1E1_00622	1176	1027	18450	278.309
BcK1E1_00623	474	325	1374	65.4945
BcK1E1_00624	153	17.7996	2	1.74069
BcK1E1_00625	1617	1468	1839	19.4069
BcK1E1_00626	480	331	84	3.93145
BcK1E1_00627	363	214	110	7.96307
BcK1E1_00628	177	31.3862	56	27.6408
BcK1E1_00629	123	9.8295	9	14.1844
BcK1E1_00630	264	115	90	12.124
BcK1E1_00631	306	157	86	8.48595
BcK1E1_00632	168	25.324	27	16.5171
BcK1E1_00633	240	91.0003	63	10.7251
BcK1E1_00634	867	718	70	1.51034
BcK1E1_00635	543	394	26	1.0223
BcK1E1_00636	348	199	50	3.89241
BcK1E1_00637	819	670	1582	36.5791
BcK1E1_00638	1035	886	3561	62.2644
BcK1E1_00639	2118	1969	10729	84.4141
BcK1E1_00640	222	73.0112	85	18.0356
BcK1E1_00641	162	21.9418	146	103.082
BcK1E1_00642	546	397	249	9.71651
BcK1E1_00643	675	526	959	28.2445
BcK1E1_00644	1209	1060	1297	18.9555
BcK1E1_00645	714	565	499	13.6821
BcK1E1_00646	951	802	1666	32.1812
BcK1E1_00647	1299	1150	1321	17.7954
BcK1E1_00648	1329	1180	1996	26.2048
BcK1E1_00649	1386	1237	558	6.98821
BcK1E1_00650	939	790	990	19.4138
BcK1E1_00651	300	151	200	20.5189
BcK1E1_00652	1263	1114	14934	207.679
BcK1E1_00653	1035	886	17871	312.476
BcK1E1_00654	1515	1366	25510	289.309
BcK1E1_00655	1635	1486	565	5.89022
BcK1E1_00656	228	79.0036	66	12.9419
BcK1E1_00657	1260	1111	333	4.64335
BcK1E1_00658	657	508	138	4.2084
BcK1E1_00659	126	10.3458	4	5.98961
BcK1E1_00660	627	478	51	1.65289
BcK1E1_00661	1011	862	81	1.45572
BcK1E1_00662	603	454	32	1.09193
BcK1E1_00663	1083	934	84	1.39327
BcK1E1_00664	3735	3586	131916	569.887
BcK1E1_00665	753	604	56150	1440.17
BcK1E1_00666	1254	1105	21053	295.157
BcK1E1_00667	1170	1021	4261	64.6528
BcK1E1_00668	1026	877	4619	81.5924
BcK1E1_00669	75	5.29865	0	0
BcK1E1_00670	1041	892	2006	34.8392
BcK1E1_00671	495	346	7	0.313418
BcK1E1_00672	372	223	182182	12656.2
BcK1E1_00673	471	322	313643	15089.7
BcK1E1_00674	2130	1981	1.57142e+06	12288.8
BcK1E1_00675	1200	1051	1.58611e+06	23379.4
BcK1E1_00676	564	415	50184	1873.35
BcK1E1_00677	444	295	5886	309.101
BcK1E1_00678	1218	1069	33596	486.868
BcK1E1_00679	3381	3232	112097	537.309
BcK1E1_00680	945	796	17384	338.328
BcK1E1_00681	588	439	5353	188.901
BcK1E1_00682	1854	1705	27463	249.531
BcK1E1_00683	285	136	11655	1327.62
BcK1E1_00684	1215	1066	28000	406.914
BcK1E1_00685	2232	2083	12014	89.3511
BcK1E1_00686	684	535	5305	153.615
BcK1E1_00687	963	814	7553	143.746
BcK1E1_00688	675	526	646	19.026
BcK1E1_00689	1545	1396	3390	37.6197
BcK1E1_00690	1584	1435	4522	48.818
BcK1E1_00691	831	682	7360	167.184
BcK1E1_00692	192	43.8484	253	89.3859
BcK1E1_00693	1467	1318	6132	72.0756
BcK1E1_00694	801	652	2897	68.8339
BcK1E1_00695	360	211	1064	78.1197
BcK1E1_00696	282	133	47194	5497.14
BcK1E1_00697	2538	2389	15918	103.222
BcK1E1_00698	1461	1312	32067	378.64
BcK1E1_00699	1482	1333	481	5.59006
BcK1E1_00700	324	175	143	12.659
BcK1E1_00701	567	418	3309	122.637
BcK1E1_00702	1020	871	6366	113.227
BcK1E1_00703	1068	919	8550	144.129
BcK1E1_00704	525	376	3883	159.986
BcK1E1_00705	954	805	11460	220.541
BcK1E1_00706	1068	919	13087	220.61
BcK1E1_00707	711	562	1947	53.67
BcK1E1_00708	699	550	10696	301.273
BcK1E1_00709	1617	1468	268553	2834.04
BcK1E1_00710	291	142	15	1.63646
BcK1E1_00711	876	727	6157	131.201
BcK1E1_00712	732	583	10293	273.511
BcK1E1_00713	1830	1681	15228	140.338
BcK1E1_00714	390	241	3542	227.684
BcK1E1_00715	1125	976	17410	276.344
BcK1E1_00716	1017	868	12118	216.278
BcK1E1_00717	2586	2437	111020	705.744
BcK1E1_00718	1326	1177	925	12.1749
BcK1E1_00719	1563	1414	431	4.72204
BcK1E1_00720	1455	1306	732	8.68299
BcK1E1_00721	831	682	449	10.1991
BcK1E1_00722	276	127	36	4.39137
BcK1E1_00723	1437	1288	88331	1062.43
BcK1E1_00724	1392	1243	20235	252.193
BcK1E1_00725	1800	1651	84623	794.041
BcK1E1_00726	1554	1405	20086	221.472
BcK1E1_00727	765	616	10474	263.411
BcK1E1_00728	759	610	6336	160.911
BcK1E1_00729	840	691	9563	214.396
BcK1E1_00730	678	529	8769	256.801
BcK1E1_00731	1143	994	14885	231.987
BcK1E1_00732	987	838	3349	61.9117
BcK1E1_00733	2583	2434	14337	91.2513
BcK1E1_00734	1389	1240	4297	53.684
BcK1E1_00735	1512	1363	6745	76.6633
BcK1E1_00736	1656	1507	14101	144.957
BcK1E1_00737	621	472	13716	450.181
BcK1E1_00738	702	553	30502	854.486
BcK1E1_00739	1314	1165	6716	89.3072
BcK1E1_00740	75	5.29865	0	0
BcK1E1_00741	75	5.29865	0	0
BcK1E1_00742	1371	1222	9848	124.847
BcK1E1_00743	672	523	6927	205.185
BcK1E1_00744	930	781	8417	166.958
BcK1E1_00745	1863	1714	13034	117.806
BcK1E1_00746	1368	1219	124	1.57587
BcK1E1_00747	1530	1381	224	2.51279
BcK1E1_00748	453	304	78	3.97487
BcK1E1_00749	876	727	1591	33.9029
BcK1E1_00750	1314	1165	3134	41.6749
BcK1E1_00751	585	436	3615	128.447
BcK1E1_00752	1608	1459	12966	137.674
BcK1E1_00753	819	670	5589	129.229
BcK1E1_00754	1020	871	3482	61.9316
BcK1E1_00755	792	643	2671	64.3524
BcK1E1_00756	2643	2494	7941	49.3265
BcK1E1_00757	747	598	1891	48.9882
BcK1E1_00758	2610	2461	3236	20.3703
BcK1E1_00759	1344	1195	8469	109.791
BcK1E1_00760	801	652	5837	138.69
BcK1E1_00761	1101	952	26949	438.538
BcK1E1_00762	861	712	731	15.9052
BcK1E1_00763	258	109	22	3.12678
BcK1E1_00764	114	8.51793	0	0
BcK1E1_00765	1383	1234	1006	12.6294
BcK1E1_00766	2244	2095	1816	13.4287
BcK1E1_00767	531	382	396	16.0596
BcK1E1_00768	1266	1117	3530	48.9579
BcK1E1_00769	507	358	341	14.7561
BcK1E1_00770	870	721	855	18.371
BcK1E1_00771	615	466	2277	75.697
BcK1E1_00772	324	175	1391	123.138
BcK1E1_00773	246	97.0001	428	68.3555
BcK1E1_00774	450	301	629	32.3732
BcK1E1_00775	714	565	569	15.6015
BcK1E1_00776	129	10.9088	2	2.84023
BcK1E1_00777	1260	1111	535	7.46004
BcK1E1_00778	702	553	1432	40.1162
BcK1E1_00779	366	217	973	69.4632
BcK1E1_00780	111	8.14747	32	60.8456
BcK1E1_00781	2052	1903	7036	57.2781
BcK1E1_00782	1491	1342	61667.5	711.878
BcK1E1_00783	321	172	4.5	0.405308
BcK1E1_00784	1491	1342	61667.5	711.878
BcK1E1_00785	321	172	4.5	0.405308
BcK1E1_00786	825	676	1405	32.1982
BcK1E1_00787	1074	925	9560	160.11
BcK1E1_00788	837	688	1448	32.6048
BcK1E1_00789	648	499	1095	33.995
BcK1E1_00790	417	268	419	24.2204
BcK1E1_00791	492	343	580	26.196
BcK1E1_00792	747	598	658	17.0461
BcK1E1_00793	813	664	4752	110.869
BcK1E1_00794	1290	1141	17429	236.64
BcK1E1_00795	507	358	1320	57.1206
BcK1E1_00796	429	280	456	25.2295
BcK1E1_00797	711	562	2754	75.9153
BcK1E1_00798	2073	1924	47134	379.517
BcK1E1_00799	789	640	761	18.4207
BcK1E1_00800	798	649	1027	24.5147
BcK1E1_00801	1404	1255	857	10.5789
BcK1E1_00802	2550	2401	2117	13.6594
BcK1E1_00803	1449	1300	38678	460.916
BcK1E1_00804	1731	1582	13384	131.063
BcK1E1_00805	792	643	8401	202.405
BcK1E1_00806	957	808	9590	183.869
BcK1E1_00807	1563	1414	17986	197.055
BcK1E1_00808	1107	958	2130	34.4442
BcK1E1_00809	273	124	57	7.12123
BcK1E1_00810	216	67.0317	54	12.48
BcK1E1_00811	867	718	668	14.413
BcK1E1_00812	849	700	2342	51.8311
BcK1E1_00813	438	289	373	19.9946
BcK1E1_00814	471	322	2423	116.573
BcK1E1_00815	852	703	2172	47.8637
BcK1E1_00816	291	142	20	2.18194
BcK1E1_00817	1236	1087	1194	17.0167
BcK1E1_00818	3273	3124	67607	335.26
BcK1E1_00819	561	412	1668	62.7192
BcK1E1_00820	600	451	2494	85.6686
BcK1E1_00821	3549	3400	20448	93.1694
BcK1E1_00822	1299	1150	328879	4430.37
BcK1E1_00823	558	409	5663	214.499
BcK1E1_00824	579	430	8230	296.506
BcK1E1_00825	996	847	12832	234.7
BcK1E1_00826	82	5.68809	0	0
BcK1E1_00827	576	427	1361	49.3778
BcK1E1_00828	1461	1312	6092	71.9329
BcK1E1_00829	408	259	16597	992.731
BcK1E1_00830	480	331	21471	1004.91
BcK1E1_00831	888	739	253	5.30368
BcK1E1_00832	1497	1348	19385	222.781
BcK1E1_00833	279	130	2260	269.319
BcK1E1_00834	1770	1621	702	6.70897
BcK1E1_00835	942	793	4578	89.4343
BcK1E1_00836	330	181	4	0.34236
BcK1E1_00837	1407	1258	12243	150.768
BcK1E1_00838	300	151	1150	117.984
BcK1E1_00839	3102	2953	25960	136.189
BcK1E1_00840	1533	1384	14087	157.683
BcK1E1_00841	363	214	386	27.9431
BcK1E1_00842	807	658	922	21.7073
BcK1E1_00843	732	583	606	16.103
BcK1E1_00844	1062	913	5119	86.8592
BcK1E1_00845	729	580	20574	549.531
BcK1E1_00846	2256	2107	59484	437.358
BcK1E1_00847	597	448	18392	635.993
BcK1E1_00848	486	337	773	35.5346
BcK1E1_00849	837	688	2622	59.0399
BcK1E1_00850	864	715	4178	90.524
BcK1E1_00851	1068	919	5793	97.6539
BcK1E1_00852	876	727	2636	56.1711
BcK1E1_00853	1476	1327	611242	7135.82
BcK1E1_00854	663	514	1176	35.4442
BcK1E1_00855	2112	1963	7076	55.843
BcK1E1_00856	984	835	14399	267.145
BcK1E1_00857	1443	1294	140906	1686.93
BcK1E1_00858	76	5.35093	0	0
BcK1E1_00859	297	148	392	41.0323
BcK1E1_00860	270	121	686	87.8295
BcK1E1_00861	330	181	2	0.17118
BcK1E1_00862	480	331	39	1.82532
BcK1E1_00863	876	727	1422	30.3017
BcK1E1_00864	1299	1150	1034	13.9291
BcK1E1_00865	915	766	388	7.84702
BcK1E1_00866	882	733	310	6.55178
BcK1E1_00867	1185	1036	318	4.7552
BcK1E1_00868	783	634	1102	26.9274
BcK1E1_00869	900	751	2301	47.4655
BcK1E1_00870	762	613	18972	479.462
BcK1E1_00871	2853	2704	23083	132.247
BcK1E1_00872	906	757	5973	122.236
BcK1E1_00873	660	511	1668	50.5681
BcK1E1_00874	2145	1996	24013	186.375
BcK1E1_00875	1170	1021	2210	33.5327
BcK1E1_00876	75	5.29865	0	0
BcK1E1_00877	99	6.9214	0	0
BcK1E1_00878	135	12.1958	1	1.27026
BcK1E1_00879	492	343	1761	79.5366
BcK1E1_00880	225	76.0064	3	0.611466
BcK1E1_00881	603	454	18	0.614212
BcK1E1_00882	435	286	10	0.541671
BcK1E1_00883	195	46.6066	3	0.997185
BcK1E1_00884	327	178	4	0.34813
BcK1E1_00885	1476	1327	3380	39.4591
BcK1E1_00886	1602	1453	2351	25.0662
BcK1E1_00887	1236	1087	873	12.4419
BcK1E1_00888	288	139	8	0.891614
BcK1E1_00889	1338	1189	9647	125.693
BcK1E1_00890	192	43.8484	66	23.318
BcK1E1_00891	1134	985	4298	67.5977
BcK1E1_00892	1602	1453	2796	29.8108
BcK1E1_00893	1230	1081	4053	58.0835
BcK1E1_00894	1563	1414	37101	406.479
BcK1E1_00895	2478	2329	1.61872e+06	10767.2
BcK1E1_00896	1671	1522	28873	293.886
BcK1E1_00897	1230	1081	157363	2255.17
BcK1E1_00898	1836	1687	7641	70.1676
BcK1E1_00899	1371	1222	33627	426.303
BcK1E1_00900	582	433	17031	609.332
BcK1E1_00901	2649	2500	12548	77.7564
BcK1E1_00902	399	250	1135	70.3327
BcK1E1_00903	1215	1066	2886	41.9412
BcK1E1_00904	837	688	1879	42.3097
BcK1E1_00905	627	478	228153	7394.35
BcK1E1_00906	384	235	905	59.6599
BcK1E1_00907	684	535	7586	219.665
BcK1E1_00908	390	241	13867	891.389
BcK1E1_00909	237	88.0006	5959	1049.03
BcK1E1_00910	2679	2530	106678	653.215
BcK1E1_00911	474	325	5872	279.901
BcK1E1_00912	1185	1036	13686	204.653
BcK1E1_00913	498	349	119	5.2823
BcK1E1_00914	1194	1045	9615	142.539
BcK1E1_00915	1629	1480	11852	124.06
BcK1E1_00916	450	301	2782	143.183
BcK1E1_00917	1662	1513	144690	1481.5
BcK1E1_00918	1497	1348	30791	353.863
BcK1E1_00919	1224	1075	26936	388.174
BcK1E1_00920	780	631	18934	464.852
BcK1E1_00921	1275	1126	24658	339.251
BcK1E1_00922	537	388	6995	279.291
BcK1E1_00923	588	439	9594	338.561
BcK1E1_00924	1245	1096	42691	603.431
BcK1E1_00925	867	718	2850	61.4925
BcK1E1_00926	90	6.21	0	0
BcK1E1_00927	798	649	3009	71.8256
BcK1E1_00928	336	187	3963	328.31
BcK1E1_00929	1140	991	12460	194.781
BcK1E1_00930	546	397	4559	177.902
BcK1E1_00931	1410	1261	6954	85.4321
BcK1E1_00932	1023	874	6483	114.912
BcK1E1_00933	2037	1888	63252	519.008
BcK1E1_00934	1146	997	18205	282.877
BcK1E1_00935	306	157	2861	282.306
BcK1E1_00936	1446	1297	35681	426.185
BcK1E1_00937	1368	1219	164	2.08421
BcK1E1_00938	1284	1135	406	5.54156
BcK1E1_00939	657	508	655	19.9746
BcK1E1_00940	234	85.0011	1301	237.113
BcK1E1_00941	435	286	2824	152.968
BcK1E1_00942	2184	2035	12667	96.4297
BcK1E1_00943	141	13.7365	2	2.25557
BcK1E1_00944	993	844	4368	80.1755
BcK1E1_00945	2517	2368	14180	92.7676
BcK1E1_00946	144	14.6185	0	0
BcK1E1_00947	1287	1138	22195	302.144
BcK1E1_00948	996	847	3137	57.3763
BcK1E1_00949	597	448	46072	1593.16
BcK1E1_00950	510	361	522	22.4009
BcK1E1_00951	369	220	451	31.7582
BcK1E1_00952	414	265	462	27.0083
BcK1E1_00953	1128	979	25223	399.131
BcK1E1_00954	750	601	885	22.8124
BcK1E1_00955	261	112	53338	7377.69
BcK1E1_00956	1881	1732	20775	185.821
BcK1E1_00957	1209	1060	5925	86.5933
BcK1E1_00958	798	649	1250	29.8378
BcK1E1_00959	1500	1351	3140	36.0061
BcK1E1_00960	1125	976	1641	26.0472
BcK1E1_00961	1368	1219	1163	14.7801
BcK1E1_00962	231	82.002	4	0.755679
BcK1E1_00963	4572	4423	53842	188.584
BcK1E1_00964	1548	1399	25203	279.085
BcK1E1_00965	462	313	2218	109.779
BcK1E1_00966	399	250	100	6.19672
BcK1E1_00967	1257	1108	29324	410.001
BcK1E1_00968	852	703	3812	84.0038
BcK1E1_00969	1056	907	5805	99.1509
BcK1E1_00970	558	409	4071	154.198
BcK1E1_00971	2307	2158	15222	109.275
BcK1E1_00972	840	691	3073	68.8947
BcK1E1_00973	3102	2953	11518	60.4248
BcK1E1_00974	1014	865	12523	224.282
BcK1E1_00975	426	277	5130	286.906
BcK1E1_00976	1419	1270	21148	257.969
BcK1E1_00977	963	814	14016	266.748
BcK1E1_00978	819	670	9021	208.584
BcK1E1_00979	951	802	12898	249.144
BcK1E1_00980	696	547	8308	235.294
BcK1E1_00981	924	775	4746	94.8697
BcK1E1_00982	282	133	14	1.63071
BcK1E1_00983	2640	2491	7125	44.3111
BcK1E1_00984	546	397	2818	109.964
BcK1E1_00985	486	337	16	0.735515
BcK1E1_00986	444	295	54	2.83579
BcK1E1_00987	630	481	828	26.6678
BcK1E1_00988	303	154	373	37.5223
BcK1E1_00989	777	628	1153	28.4427
BcK1E1_00990	636	487	3825	121.676
BcK1E1_00991	1782	1633	8389	79.584
BcK1E1_00992	702	553	2129	59.642
BcK1E1_00993	74	5.2474	0	0
BcK1E1_00994	74	5.2474	0	0
BcK1E1_00995	576	427	1017	36.8973
BcK1E1_00996	375	226	1036	71.0155
BcK1E1_00997	444	295	287	15.0717
BcK1E1_00998	414	265	821	47.9953
BcK1E1_00999	225	76.0064	67	13.6561
BcK1E1_01000	684	535	430	12.4513
BcK1E1_01001	207	58.1281	70	18.6558
BcK1E1_01002	189	41.1625	53	19.9469
BcK1E1_01003	240	91.0003	272	46.305
BcK1E1_01004	153	17.7996	11	9.57382
BcK1E1_01005	324	175	144	12.7475
BcK1E1_01006	951	802	766	14.7964
BcK1E1_01007	159	20.4424	5	3.78913
BcK1E1_01008	966	817	749	14.2024
BcK1E1_01009	609	460	431	14.5151
BcK1E1_01010	309	160	205	19.8489
BcK1E1_01011	531	382	458	18.5739
BcK1E1_01012	147	15.5846	1	0.994047
BcK1E1_01013	513	364	251	10.6825
BcK1E1_01014	447	298	143	7.43398
BcK1E1_01015	369	220	141	9.92883
BcK1E1_01016	144	14.6185	29	30.7325
BcK1E1_01017	477	328	161	7.6042
BcK1E1_01018	333	184	99	8.33526
BcK1E1_01019	222	73.0112	34	7.21425
BcK1E1_01020	192	43.8484	34	12.0123
BcK1E1_01021	387	238	49	3.18949
BcK1E1_01022	267	118	50	6.56432
BcK1E1_01023	288	139	61	6.79855
BcK1E1_01024	501	352	117	5.14926
BcK1E1_01025	360	211	106	7.7826
BcK1E1_01026	468	319	161	7.81874
BcK1E1_01027	240	91.0003	53	9.02266
BcK1E1_01028	240	91.0003	59	10.0441
BcK1E1_01029	513	364	129	5.49022
BcK1E1_01030	315	166	76	7.09263
BcK1E1_01031	486	337	214	9.83752
BcK1E1_01032	480	331	132	6.17799
BcK1E1_01033	198	49.4247	17	5.32852
BcK1E1_01034	603	454	170	5.80089
BcK1E1_01035	852	703	162	3.56994
BcK1E1_01036	216	67.0317	18	4.16001
BcK1E1_01037	852	703	1020	22.4774
BcK1E1_01038	291	142	120	13.0917
BcK1E1_01039	132	11.5236	0	0
BcK1E1_01040	861	712	580	12.6197
BcK1E1_01041	861	712	285	6.20107
BcK1E1_01042	333	184	41	3.45197
BcK1E1_01043	201	52.2911	12	3.55513
BcK1E1_01044	222	73.0112	23	4.88023
BcK1E1_01045	528	379	47	1.92115
BcK1E1_01046	348	199	27	2.1019
BcK1E1_01047	195	46.6066	7	2.32676
BcK1E1_01048	1161	1012	133	2.03598
BcK1E1_01049	573	424	51	1.8634
BcK1E1_01050	447	298	64	3.3271
BcK1E1_01051	186	38.5618	3	1.20522
BcK1E1_01052	228	79.0036	416	81.5733
BcK1E1_01053	567	418	0	0
BcK1E1_01054	73	5.19716	0	0
BcK1E1_01055	86	5.93769	0	0
BcK1E1_01056	82	5.68809	0	0
BcK1E1_01057	237	88.0006	57	10.0344
BcK1E1_01058	459	310	184	9.19513
BcK1E1_01059	1875	1726	1007	9.03837
BcK1E1_01060	1605	1456	1039	11.0549
BcK1E1_01061	1086	937	775	12.8134
BcK1E1_01062	588	439	223	7.86941
BcK1E1_01063	609	460	590	19.8699
BcK1E1_01064	1164	1015	886	13.5229
BcK1E1_01065	438	289	322	17.2607
BcK1E1_01066	528	379	272	11.1181
BcK1E1_01067	354	205	232	17.5322
BcK1E1_01068	465	316	360	17.6489
BcK1E1_01069	612	463	526	17.5997
BcK1E1_01070	423	274	153	8.65052
BcK1E1_01071	339	190	162	13.2088
BcK1E1_01072	4716	4567	2980	10.1085
BcK1E1_01073	894	745	510	10.6051
BcK1E1_01074	5241	5092	3730	11.3481
BcK1E1_01075	567	418	191	7.07878
BcK1E1_01076	438	289	359	19.2441
BcK1E1_01077	171	27.2129	25	14.232
BcK1E1_01078	504	355	180	7.85499
BcK1E1_01079	435	286	191	10.3459
BcK1E1_01080	405	256	164	9.92443
BcK1E1_01081	390	241	159	10.2207
BcK1E1_01082	1245	1096	920	13.0041
BcK1E1_01083	291	142	155	16.9101
BcK1E1_01084	210	61.0822	3	0.760865
BcK1E1_01085	711	562	855	23.5685
BcK1E1_01086	1356	1207	1009	12.9505
BcK1E1_01087	378	229	387	26.1804
BcK1E1_01088	612	463	40	1.33838
BcK1E1_01089	1815	1666	22622	210.357
BcK1E1_01090	1533	1384	5500	61.5642
BcK1E1_01091	1221	1072	4616	66.7072
BcK1E1_01092	1194	1045	30174	447.32
BcK1E1_01093	591	442	1259	44.1271
BcK1E1_01094	411	262	790	46.7119
BcK1E1_01095	231	82.002	200	37.7839
BcK1E1_01096	348	199	18	1.40127
BcK1E1_01097	1383	1234	27913	350.423
BcK1E1_01098	408	259	7937	474.743
BcK1E1_01099	732	583	3195	84.8993
BcK1E1_01100	1116	967	7384	118.295
BcK1E1_01101	74	5.2474	0	0
BcK1E1_01102	405	256	25809	1561.83
BcK1E1_01103	255	106	424	61.9672
BcK1E1_01104	1680	1531	3762	38.0667
BcK1E1_01105	378	229	3	0.202949
BcK1E1_01106	843	694	2766	61.7439
BcK1E1_01107	951	802	7847	151.576
BcK1E1_01108	858	709	2265	49.4907
BcK1E1_01109	2973	2824	68027	373.18
BcK1E1_01110	690	541	233	6.67206
BcK1E1_01111	1752	1603	208	2.01016
BcK1E1_01112	975	826	1524	28.5829
BcK1E1_01113	627	478	1143	37.0442
BcK1E1_01114	810	661	4205	98.5521
BcK1E1_01115	561	412	2049	77.0453
BcK1E1_01116	1044	895	4176	72.2835
BcK1E1_01117	76	5.35093	0	0
BcK1E1_01118	741	592	1331	34.8304
BcK1E1_01119	951	802	12246	236.549
BcK1E1_01120	690	541	430	12.3133
BcK1E1_01121	426	277	191	10.6821
BcK1E1_01122	1047	898	589	10.1611
BcK1E1_01123	768	619	616	15.4167
BcK1E1_01124	1044	895	2452	42.4423
BcK1E1_01125	888	739	1081	22.6612
BcK1E1_01126	426	277	10	0.55927
BcK1E1_01127	1602	1453	5959	63.5345
BcK1E1_01128	378	229	134	9.06506
BcK1E1_01129	228	79.0036	30	5.88269
BcK1E1_01130	696	547	449	12.7163
BcK1E1_01131	1179	1030	327	4.91827
BcK1E1_01132	792	643	61	1.46967
BcK1E1_01133	2532	2383	1124	7.30708
BcK1E1_01134	195	46.6066	46	15.2902
BcK1E1_01135	3096	2947	625	3.2855
BcK1E1_01136	76	5.35093	0	0
BcK1E1_01137	120	9.35544	0	0
BcK1E1_01138	1521	1372	7076	79.8979
BcK1E1_01139	783	634	3578	87.4284
BcK1E1_01140	3414	3265	15037	71.3476
BcK1E1_01141	2988	2839	12055	65.7814
BcK1E1_01142	2328	2179	5615	39.9203
BcK1E1_01143	975	826	4405	82.6166
BcK1E1_01144	921	772	5825	116.891
BcK1E1_01145	951	802	11973	231.276
BcK1E1_01146	1206	1057	133949	1963.21
BcK1E1_01147	795	646	19934	478.039
BcK1E1_01148	258	109	6133	871.662
BcK1E1_01149	852	703	3896	85.8549
BcK1E1_01150	1536	1387	11941	133.372
BcK1E1_01151	663	514	274	8.25827
BcK1E1_01152	150	16.6423	3	2.7926
BcK1E1_01153	147	15.5846	15	14.9107
BcK1E1_01154	1173	1024	533	8.0636
BcK1E1_01155	588	439	134	4.7287
BcK1E1_01156	600	451	97.6789	3.35526
BcK1E1_01157	252	103	41	6.16663
BcK1E1_01158	1512	1363	633	7.19465
BcK1E1_01159	519	370	176	7.36907
BcK1E1_01160	648	499	1021	31.6976
BcK1E1_01161	3204	3055	98	0.496954
BcK1E1_01162	945	796	15	0.291931
BcK1E1_01163	744	595	71	1.8486
BcK1E1_01164	417	268	49	2.83245
BcK1E1_01165	267	118	3	0.393859
BcK1E1_01166	513	364	26	1.10656
BcK1E1_01167	666	517	280	8.39014
BcK1E1_01168	1362	1213	78	0.996174
BcK1E1_01169	1104	955	409453	6642.05
BcK1E1_01170	2109	1960	349987	2766.29
BcK1E1_01171	1134	985	4725	74.3134
BcK1E1_01172	1152	1003	10494	162.085
BcK1E1_01173	792	643	1335	32.1641
BcK1E1_01174	885	736	9519	200.362
BcK1E1_01175	825	676	2083	47.7358
BcK1E1_01176	369	220	587	41.3349
BcK1E1_01177	624	475	1271	41.4528
BcK1E1_01178	450	301	8724	449.005
BcK1E1_01179	177	31.3862	21	10.3653
BcK1E1_01180	132	11.5236	27	36.2974
BcK1E1_01181	168	25.324	0	0
BcK1E1_01182	76	5.35093	0	0
BcK1E1_01183	1416	1267	315	3.85155
BcK1E1_01184	750	601	46	1.18573
BcK1E1_01185	1200	1051	896	13.2071
BcK1E1_01186	1830	1681	3311	30.5136
BcK1E1_01187	1275	1126	397	5.46202
BcK1E1_01188	2472	2323	2715	18.106
BcK1E1_01189	1128	979	1069	16.916
BcK1E1_01190	207	58.1281	189	50.3706
BcK1E1_01191	861	712	2058	44.7782
BcK1E1_01192	327	178	724	63.0115
BcK1E1_01193	1044	895	7688	133.074
BcK1E1_01194	1200	1051	1885	27.785
BcK1E1_01195	720	571	189	5.12775
BcK1E1_01196	552	403	544	20.912
BcK1E1_01197	327	178	62	5.39602
BcK1E1_01198	324	175	135	11.9508
BcK1E1_01199	762	613	938	23.7052
BcK1E1_01200	1077	928	1819	30.3659
BcK1E1_01201	366	217	500	35.6954
BcK1E1_01202	1140	991	3227	50.446
BcK1E1_01203	76	5.35093	0	0
BcK1E1_01204	72	5.14791	0	0
BcK1E1_01205	74	5.2474	0	0
BcK1E1_01206	723	574	3591	96.9181
BcK1E1_01207	348	199	2386	185.746
BcK1E1_01208	2598	2449	19066	120.607
BcK1E1_01209	318	169	2996	274.635
BcK1E1_01210	1914	1765	54840	481.343
BcK1E1_01211	1458	1309	19511	230.909
BcK1E1_01212	78	5.45872	0	0
BcK1E1_01213	423	274	51	2.88351
BcK1E1_01214	2130	1981	61028	477.25
BcK1E1_01215	774	625	17627	436.918
BcK1E1_01216	936	787	18216	358.575
BcK1E1_01217	378	229	251	16.9801
BcK1E1_01218	1629	1480	43647	456.872
BcK1E1_01219	1392	1243	12383	154.332
BcK1E1_01220	924	775	14751	294.864
BcK1E1_01221	1194	1045	20406	302.512
BcK1E1_01222	582	433	8731	312.376
BcK1E1_01223	402	253	14367	879.725
BcK1E1_01224	1014	865	3883	69.5429
BcK1E1_01225	618	469	2436	80.4648
BcK1E1_01226	582	433	2021	72.3069
BcK1E1_01227	756	607	46820	1194.93
BcK1E1_01228	663	514	2979	89.7861
BcK1E1_01229	2034	1885	54002	443.813
BcK1E1_01230	828	679	2973	67.8308
BcK1E1_01231	333	184	1381	116.273
BcK1E1_01232	972	823	6665	125.459
BcK1E1_01233	603	454	5521	188.392
BcK1E1_01234	852	703	19054	419.887
BcK1E1_01235	264	115	4267	574.813
BcK1E1_01236	666	517	15664	469.368
BcK1E1_01237	1014	865	10132	181.46
BcK1E1_01238	882	733	6524	137.883
BcK1E1_01239	2094	1945	14876	118.486
BcK1E1_01240	1557	1408	11121	122.361
BcK1E1_01241	408	259	1564	93.5489
BcK1E1_01242	771	622	5145	128.143
BcK1E1_01243	1182	1033	17892	268.324
BcK1E1_01244	990	841	23104	425.591
BcK1E1_01245	555	406	25460	971.48
BcK1E1_01246	750	601	18379	473.75
BcK1E1_01247	852	703	203227	4478.45
BcK1E1_01248	825	676	217278	4979.33
BcK1E1_01249	486	337	5191	238.629
BcK1E1_01250	2049	1900	18252	148.819
BcK1E1_01251	630	481	1323	42.6105
BcK1E1_01252	72	5.14791	0	0
BcK1E1_01253	1065	916	31374	530.611
BcK1E1_01254	747	598	4732	122.587
BcK1E1_01255	540	391	4759	188.556
BcK1E1_01256	1314	1165	10451	138.974
BcK1E1_01257	1308	1159	8671	115.901
BcK1E1_01258	1485	1336	15770	182.863
BcK1E1_01259	1305	1156	1254	16.8051
BcK1E1_01260	630	481	355	11.4336
BcK1E1_01261	885	736	2750	57.8837
BcK1E1_01262	699	550	540	15.2101
BcK1E1_01263	261	112	44	6.08606
BcK1E1_01264	627	478	331	10.7276
BcK1E1_01265	1377	1228	808	10.1933
BcK1E1_01266	534	385	1055	42.4515
BcK1E1_01267	225	76.0064	137	27.9236
BcK1E1_01268	558	409	3411	129.199
BcK1E1_01269	1911	1762	53	0.465985
BcK1E1_01270	378	229	552	37.3427
BcK1E1_01271	933	784	1464	28.9285
BcK1E1_01272	717	568	1176	32.0745
BcK1E1_01273	672	523	1949	57.7313
BcK1E1_01274	1707	1558	6316	62.8024
BcK1E1_01275	939	790	4442	87.107
BcK1E1_01276	1464	1315	8703	102.529
BcK1E1_01277	687	538	3938	113.395
BcK1E1_01278	186	38.5618	0	0
BcK1E1_01279	411	262	26	1.53735
BcK1E1_01280	528	379	678	27.7135
BcK1E1_01281	360	211	21	1.54184
BcK1E1_01282	783	634	8854	216.347
BcK1E1_01283	1026	877	23313	411.813
BcK1E1_01284	1827	1678	49716	458.993
BcK1E1_01285	1308	1159	36342	485.766
BcK1E1_01286	1851	1702	1582	14.3995
BcK1E1_01287	804	655	8511	201.299
BcK1E1_01288	132	11.5236	0	0
BcK1E1_01289	1488	1339	23838	275.798
BcK1E1_01290	1239	1090	55754	792.412
BcK1E1_01291	516	367	7496	316.421
BcK1E1_01292	969	820	17605	332.601
BcK1E1_01293	1296	1147	18345	247.774
BcK1E1_01294	957	808	9170	175.816
BcK1E1_01295	1173	1024	14708	222.513
BcK1E1_01296	1095	946	12738	208.599
BcK1E1_01297	723	574	12889	347.864
BcK1E1_01298	2610	2461	99214	624.544
BcK1E1_01299	1068	919	40531	683.24
BcK1E1_01300	873	724	6576	140.71
BcK1E1_01301	543	394	803	31.5734
BcK1E1_01302	225	76.0064	35	7.13377
BcK1E1_01303	594	445	1950	67.8854
BcK1E1_01304	1437	1288	56885	684.201
BcK1E1_01305	783	634	22237	543.361
BcK1E1_01306	1482	1333	16961	197.116
BcK1E1_01307	576	427	17740	643.617
BcK1E1_01308	1368	1219	22830	290.137
BcK1E1_01309	843	694	2315	51.6765
BcK1E1_01310	1491	1342	3436	39.6645
BcK1E1_01311	612	463	2615	87.4968
BcK1E1_01312	1122	973	4893	77.9047
BcK1E1_01313	2676	2527	14739	90.3575
BcK1E1_01314	3321	3172	25159	122.874
BcK1E1_01315	2241	2092	1590	11.7744
BcK1E1_01316	666	517	779	23.3426
BcK1E1_01317	810	661	2192	51.3737
BcK1E1_01318	1173	1024	4170	63.0867
BcK1E1_01319	768	619	38275	957.913
BcK1E1_01320	1014	865	9778	175.12
BcK1E1_01321	768	619	717	17.9444
BcK1E1_01322	306	157	5222	515.275
BcK1E1_01323	132	11.5236	17	22.8539
BcK1E1_01324	2385	2236	3967	27.4848
BcK1E1_01325	645	496	3399	106.162
BcK1E1_01326	3810	3661	5069	21.4498
BcK1E1_01327	1560	1411	7917	86.9231
BcK1E1_01328	996	847	4373	79.983
BcK1E1_01329	102	7.19434	0	0
BcK1E1_01330	726	577	1061	28.4866
BcK1E1_01331	993	844	2713	49.7977
BcK1E1_01332	480	331	1052	49.2367
BcK1E1_01333	660	511	1858	56.3283
BcK1E1_01334	189	41.1625	4	1.50543
BcK1E1_01335	342	193	43	3.45154
BcK1E1_01336	2028	1879	1412	11.6415
BcK1E1_01337	282	133	222	25.8585
BcK1E1_01338	1125	976	2034	32.2851
BcK1E1_01339	270	121	1346	172.33
BcK1E1_01340	1047	898	3206	55.3081
BcK1E1_01341	483	334	1704	79.036
BcK1E1_01342	189	41.1625	947	356.41
BcK1E1_01343	1023	874	3306	58.5994
BcK1E1_01344	135	12.1958	1	1.27026
BcK1E1_01345	1920	1771	5212	45.5919
BcK1E1_01346	291	142	1	0.109097
BcK1E1_01347	1461	1312	2782	32.8492
BcK1E1_01348	630	481	354	11.4014
BcK1E1_01349	2076	1927	736	5.91695
BcK1E1_01350	2700	2551	743	4.51211
BcK1E1_01351	684	535	574	16.6211
BcK1E1_01352	1290	1141	1518	20.6105
BcK1E1_01353	351	202	21	1.61053
BcK1E1_01354	489	340	63	2.87054
BcK1E1_01355	864	715	189	4.09503
BcK1E1_01356	840	691	145	3.25081
BcK1E1_01357	1095	946	221	3.61912
BcK1E1_01358	1206	1057	39	0.571599
BcK1E1_01359	213	64.0516	63	15.2374
BcK1E1_01360	483	334	52.5	2.43509
BcK1E1_01361	405	256	26	1.57338
BcK1E1_01362	465	316	1554	76.1843
BcK1E1_01363	270	121	8	1.02425
BcK1E1_01364	228	79.0036	158	30.9822
BcK1E1_01365	393	244	366	23.2377
BcK1E1_01366	489	340	1097	49.9838
BcK1E1_01367	336	187	10	0.828438
BcK1E1_01368	828	679	70	1.59709
BcK1E1_01369	756	607	414	10.5661
BcK1E1_01370	408	259	5324	318.449
BcK1E1_01371	297	148	38	3.97762
BcK1E1_01372	714	565	2018	55.3317
BcK1E1_01373	750	601	1611	41.5262
BcK1E1_01374	1362	1213	238539	3046.49
BcK1E1_01375	1296	1147	3739	50.5003
BcK1E1_01376	633	484	1436	45.9632
BcK1E1_01377	882	733	22297	471.242
BcK1E1_01378	2376	2227	359845	2503.21
BcK1E1_01379	195	46.6066	81	26.924
BcK1E1_01380	1698	1549	11127	111.283
BcK1E1_01381	1149	1000	10400	161.115
BcK1E1_01382	693	544	3180	90.5586
BcK1E1_01383	1149	1000	4889	75.7394
BcK1E1_01384	972	823	5629	105.958
BcK1E1_01385	117	8.91948	0	0
BcK1E1_01386	804	655	975	23.0603
BcK1E1_01387	1401	1252	387	4.7886
BcK1E1_01388	660	511	893	27.0727
BcK1E1_01389	1143	994	1623	25.2949
BcK1E1_01390	201	52.2911	118	34.9587
BcK1E1_01391	354	205	678	51.2363
BcK1E1_01392	177	31.3862	27	13.3268
BcK1E1_01393	261	112	64	8.85245
BcK1E1_01394	483	334	52.5	2.43509
BcK1E1_01395	213	64.0516	63	15.2374
BcK1E1_01396	240	91.0003	9.32108	1.58681
BcK1E1_01397	279	130	32	3.81336
BcK1E1_01398	798	649	224	5.34693
BcK1E1_01399	960	811	269	5.13846
BcK1E1_01400	678	529	124	3.63135
BcK1E1_01401	1398	1249	210	2.6047
BcK1E1_01402	375	226	58	3.97577
BcK1E1_01403	582	433	49	1.75311
BcK1E1_01404	264	115	22	2.96365
BcK1E1_01405	303	154	5	0.50298
BcK1E1_01406	540	391	12330	488.526
BcK1E1_01407	2322	2173	36998	263.767
BcK1E1_01408	477	328	10089	476.514
BcK1E1_01409	294	145	4143	442.638
BcK1E1_01410	1038	889	8241	143.608
BcK1E1_01411	1227	1078	3771	54.1925
BcK1E1_01412	2688	2539	15948	97.3072
BcK1E1_01413	4650	4501	9162	31.5343
BcK1E1_01414	216	67.0317	61	14.0978
BcK1E1_01415	534	385	492	19.7973
BcK1E1_01416	1338	1189	42	0.547229
BcK1E1_01417	1209	1060	1536	22.4485
BcK1E1_01418	2352	2203	15612	109.786
BcK1E1_01419	1377	1228	27747	350.041
BcK1E1_01420	660	511	32	0.970132
BcK1E1_01421	1089	940	5018	82.6998
BcK1E1_01422	2205	2056	10676	80.4428
BcK1E1_01423	711	562	4317	119
BcK1E1_01424	606	457	1821	61.7299
BcK1E1_01425	1056	907	2537	43.3326
BcK1E1_01426	2877	2728	85821	487.361
BcK1E1_01427	660	511	48683	1475.9
BcK1E1_01428	681	532	1111	32.3522
BcK1E1_01429	1185	1036	13038	194.963
BcK1E1_01430	231	82.002	3	0.566759
BcK1E1_01431	513	364	3206	136.447
BcK1E1_01432	567	418	482	17.8637
BcK1E1_01433	681	532	9896	288.171
BcK1E1_01434	2832	2683	21479	124.021
BcK1E1_01435	1047	898	7914	136.528
BcK1E1_01436	1455	1306	16263	192.912
BcK1E1_01437	327	178	44.719	3.89201
BcK1E1_01438	300	151	252	25.8538
BcK1E1_01439	561	412	266	10.002
BcK1E1_01440	1302	1153	938	12.603
BcK1E1_01441	663	514	1092	32.9125
BcK1E1_01442	405	256	13	0.786692
BcK1E1_01443	687	538	56	1.61253
BcK1E1_01444	1053	904	55	0.942531
BcK1E1_01445	732	583	47	1.24891
BcK1E1_01446	1116	967	38	0.608778
BcK1E1_01447	234	85.0011	19	3.46283
BcK1E1_01448	783	634	3278	80.0979
BcK1E1_01449	996	847	1756	32.1176
BcK1E1_01450	834	685	12569	284.257
BcK1E1_01451	2112	1963	2464	19.4456
BcK1E1_01452	663	514	980	29.5369
BcK1E1_01453	1323	1174	2833	37.3835
BcK1E1_01454	999	850	787	14.3436
BcK1E1_01455	1245	1096	1163	16.4388
BcK1E1_01456	1290	1141	1123	15.2474
BcK1E1_01457	1080	931	153	2.54591
BcK1E1_01458	645	496	250	7.80836
BcK1E1_01459	1380	1231	716	9.01066
BcK1E1_01460	2703	2554	36074	218.814
BcK1E1_01461	2487	2338	16261	107.747
BcK1E1_01462	549	400	2470	95.6618
BcK1E1_01463	1266	1117	12523	173.683
BcK1E1_01464	747	598	10342	267.92
BcK1E1_01465	831	682	13835	314.265
BcK1E1_01466	861	712	3838	83.5077
BcK1E1_01467	2010	1861	89246	742.923
BcK1E1_01468	960	811	34038	650.197
BcK1E1_01469	927	778	50654	1008.64
BcK1E1_01470	1635	1486	313798	3271.39
BcK1E1_01471	927	778	995	19.8128
BcK1E1_01472	219	70.019	1031	228.11
BcK1E1_01473	1044	895	2986	51.6855
BcK1E1_01474	981	832	3700	68.8938
BcK1E1_01475	567	418	2410	89.3187
BcK1E1_01476	1932	1783	69785	606.335
BcK1E1_01477	1281	1132	2548	34.8702
BcK1E1_01478	885	736	2551	53.695
BcK1E1_01479	1725	1576	7010	68.907
BcK1E1_01480	1281	1132	6138	84.0005
BcK1E1_01481	813	664	1556	36.303
BcK1E1_01482	840	691	6701	150.232
BcK1E1_01483	954	805	4248	81.7505
BcK1E1_01484	384	235	70603	4654.33
BcK1E1_01485	195	46.6066	14154	4704.72
BcK1E1_01486	699	550	120324	3389.15
BcK1E1_01487	1887	1738	33502	298.622
BcK1E1_01488	876	727	2354	50.1619
BcK1E1_01489	1056	907	263999	4509.17
BcK1E1_01490	507	358	1818	78.6706
BcK1E1_01491	1014	865	2052	36.7505
BcK1E1_01492	951	802	32081	619.691
BcK1E1_01493	246	97.0001	337	53.8219
BcK1E1_01494	582	433	1157	41.3949
BcK1E1_01495	1560	1411	21858	239.985
BcK1E1_01496	1245	1096	13450	190.114
BcK1E1_01497	726	577	7781	208.911
BcK1E1_01498	1614	1465	9007	95.2454
BcK1E1_01499	1602	1453	18567	197.96
BcK1E1_01500	522	373	6397	265.686
BcK1E1_01501	1710	1561	12124	120.322
BcK1E1_01502	1173	1024	9873	149.366
BcK1E1_01503	1092	943	6502	106.816
BcK1E1_01504	1632	1483	52244	545.754
BcK1E1_01505	1203	1054	12877	189.267
BcK1E1_01506	900	751	14524	299.604
BcK1E1_01507	395	246	829857	52260
BcK1E1_01508	1257	1108	3316	46.3635
BcK1E1_01509	1095	946	7880	129.044
BcK1E1_01510	1566	1417	17357	189.761
BcK1E1_01511	1221	1072	7806	112.807
BcK1E1_01512	1236	1087	7088	101.017
BcK1E1_01513	1434	1285	14215	171.374
BcK1E1_01514	1098	949	12274	200.365
BcK1E1_01515	1491	1342	19776	228.29
BcK1E1_01516	879	730	7081	150.27
BcK1E1_01517	1803	1654	16570	155.199
BcK1E1_01518	456	307	6011	303.326
BcK1E1_01519	1032	883	11934	209.376
BcK1E1_01520	516	367	3785	159.772
BcK1E1_01521	2280	2131	17484	127.104
BcK1E1_01522	1200	1051	16568	244.213
BcK1E1_01523	321	172	1810	163.024
BcK1E1_01524	714	565	16211	444.491
BcK1E1_01525	936	787	1159	22.8145
BcK1E1_01526	963	814	87585	1666.89
BcK1E1_01527	1491	1342	5048	58.2731
BcK1E1_01528	612	463	1321	44.2001
BcK1E1_01529	4101	3952	17770	69.6582
BcK1E1_01530	1077	928	194	3.23859
BcK1E1_01531	1071	922	399	6.70415
BcK1E1_01532	549	400	317	12.2772
BcK1E1_01533	651	502	177	5.46224
BcK1E1_01534	1221	1072	619	8.94535
BcK1E1_01535	930	781	3027	60.0431
BcK1E1_01536	1362	1213	18167	232.019
BcK1E1_01537	726	577	4976	133.6
BcK1E1_01538	648	499	4849	150.54
BcK1E1_01539	774	625	7159	177.449
BcK1E1_01540	600	451	7351	252.506
BcK1E1_01541	1176	1027	14196	214.14
BcK1E1_01542	1401	1252	20685	255.949
BcK1E1_01543	3591	3442	11701	52.664
BcK1E1_01544	939	790	11348	222.533
BcK1E1_01545	549	400	6430	249.031
BcK1E1_01546	1692	1543	104074	1044.91
BcK1E1_01547	282	133	2211	257.536
BcK1E1_01548	480	331	20626	965.358
BcK1E1_01549	1245	1096	54532	770.801
BcK1E1_01550	1230	1081	16184	231.933
BcK1E1_01551	1476	1327	53423	623.676
BcK1E1_01552	870	721	1712	36.7849
BcK1E1_01553	273	124	278	34.7316
BcK1E1_01554	843	694	1720	38.3946
BcK1E1_01555	366	217	1334	95.2352
BcK1E1_01556	1044	895	6895	119.347
BcK1E1_01557	1326	1177	720	9.47671
BcK1E1_01558	1557	1408	514	5.65538
BcK1E1_01559	849	700	13003	287.771
BcK1E1_01560	1068	919	133725	2254.23
BcK1E1_01561	1284	1135	12730	173.754
BcK1E1_01562	792	643	3430	82.6389
BcK1E1_01563	729	580	536	14.3165
BcK1E1_01564	1713	1564	5860	58.0447
BcK1E1_01565	1197	1048	6591	97.4298
BcK1E1_01566	1179	1030	8298	124.807
BcK1E1_01567	1566	1417	34445	376.581
BcK1E1_01568	76	5.35093	0	0
BcK1E1_01569	207	58.1281	88	23.453
BcK1E1_01570	630	481	5686	183.132
BcK1E1_01571	426	277	9606	537.235
BcK1E1_01572	885	736	2232	46.9805
BcK1E1_01573	1578	1429	11947	129.517
BcK1E1_01574	1500	1351	2177	24.9635
BcK1E1_01575	1539	1390	17177	191.441
BcK1E1_01576	225	76.0064	3618	737.428
BcK1E1_01577	954	805	2428	46.7255
BcK1E1_01578	666	517	2476	74.1928
BcK1E1_01579	900	751	4056	83.668
BcK1E1_01580	777	628	3167	78.125
BcK1E1_01581	165	23.5677	236.816	155.667
BcK1E1_01582	1650	1501	7807	80.5759
BcK1E1_01583	939	790	4540	89.0288
BcK1E1_01584	849	700	4015.18	88.8605
BcK1E1_01585	1017	868	3479	62.0921
BcK1E1_01586	1215	1066	1355	19.6917
BcK1E1_01587	669	520	202	6.01796
BcK1E1_01588	3312	3163	69998	342.837
BcK1E1_01589	1011	862	7866	141.367
BcK1E1_01590	2049	1900	12500	101.92
BcK1E1_01591	1812	1663	10047	93.5935
BcK1E1_01592	714	565	2418	66.2994
BcK1E1_01593	2247	2098	17928	132.382
BcK1E1_01594	579	430	843	30.3711
BcK1E1_01595	1203	1054	2151	31.6156
BcK1E1_01596	1305	1156	325	4.35539
BcK1E1_01597	2673	2524	943	5.78794
BcK1E1_01598	1299	1150	621	8.36557
BcK1E1_01599	1050	901	2212	38.0331
BcK1E1_01600	255	106	3	0.438447
BcK1E1_01601	2343	2194	3499	24.7064
BcK1E1_01602	1239	1090	1302	18.5049
BcK1E1_01603	1179	1030	1550	23.3129
BcK1E1_01604	963	814	145	2.75959
BcK1E1_01605	576	427	1120	40.6342
BcK1E1_01606	1200	1051	1003	14.7843
BcK1E1_01607	1290	1141	199	2.7019
BcK1E1_01608	1194	1045	71	1.05255
BcK1E1_01609	672	523	45	1.33295
BcK1E1_01610	807	658	79	1.85996
BcK1E1_01611	630	481	593	19.099
BcK1E1_01612	1272	1123	4490	61.9396
BcK1E1_01613	3921	3772	37583	154.355
BcK1E1_01614	858	709	7222	157.802
BcK1E1_01615	714	565	4110	112.692
BcK1E1_01616	2400	2251	105559	726.476
BcK1E1_01617	1281	1132	5612	76.802
BcK1E1_01618	285	136	843	96.0263
BcK1E1_01619	74	5.2474	0	0
BcK1E1_01620	1098	949	1782	29.09
BcK1E1_01621	675	526	138	4.06439
BcK1E1_01622	2373	2224	580	4.04012
BcK1E1_01623	111	8.14747	0	0
BcK1E1_01624	1206	1057	7874	115.404
BcK1E1_01625	384	235	140	9.22915
BcK1E1_01626	1005	856	5287	95.6835
BcK1E1_01627	2061	1912	1663	13.4743
BcK1E1_01628	423	274	287	16.2268
BcK1E1_01629	450	301	2370	121.979
BcK1E1_01630	582	433	203	7.26289
BcK1E1_01631	744	595	185	4.81677
BcK1E1_01632	276	127	453	55.2581
BcK1E1_01633	3129	2980	20418	106.145
BcK1E1_01634	270	121	90021	11525.5
BcK1E1_01635	3053	2904	535.4	2.85617
BcK1E1_01636	1525	1376	42	0.47286
BcK1E1_01637	1563	1414	3528	38.6528
BcK1E1_01638	657	508	6931	211.365
BcK1E1_01639	1383	1234	15414	193.509
BcK1E1_01640	2610	2461	78600	494.78
BcK1E1_01641	2103	1954	48850	387.295
BcK1E1_01642	972	823	21241	399.831
BcK1E1_01643	2868	2719	16139	91.9537
BcK1E1_01644	753	604	8925	228.914
BcK1E1_01645	1365	1216	9255	117.908
BcK1E1_01646	4209	4060	6265	23.9054
BcK1E1_01647	4062	3913	5572	22.0599
BcK1E1_01648	1428	1279	1143	13.8445
BcK1E1_01649	6030	5881	2502	6.59079
BcK1E1_01650	1377	1228	563	7.10251
BcK1E1_01651	1185	1036	410	6.13092
BcK1E1_01652	2517	2368	459	3.00284
BcK1E1_01653	750	601	1256	32.3755
BcK1E1_01654	657	508	686	20.92
BcK1E1_01655	4014	3865	368858	1478.47
BcK1E1_01656	3561	3412	263708	1197.34
BcK1E1_01657	645	496	1958	61.1551
BcK1E1_01658	945	796	878	17.0877
BcK1E1_01659	666	517	2972	89.0553
BcK1E1_01660	1365	1216	23092	294.191
BcK1E1_01661	273	124	3502	437.518
BcK1E1_01662	1911	1762	22168	194.905
BcK1E1_01663	1092	943	14690	241.33
BcK1E1_01664	678	529	9791	286.73
BcK1E1_01665	936	787	22615	445.167
BcK1E1_01666	972	823	37441	704.773
BcK1E1_01667	1608	1459	124888	1326.07
BcK1E1_01668	1251	1102	85986	1208.78
BcK1E1_01669	1251	1102	94491	1328.34
BcK1E1_01670	822	673	35238	811.144
BcK1E1_01671	1149	1000	10637	164.786
BcK1E1_01672	1137	988	5983	93.8131
BcK1E1_01673	2280	2131	35763	259.987
BcK1E1_01674	726	577	9170	246.204
BcK1E1_01675	1143	994	5897	91.9065
BcK1E1_01676	1041	892	6410	111.326
BcK1E1_01677	2583	2434	14542	92.5561
BcK1E1_01678	1236	1087	6803	96.9555
BcK1E1_01679	405	256	1954	118.246
BcK1E1_01680	1524	1375	11613	130.841
BcK1E1_01681	1089	940	6945	114.458
BcK1E1_01682	849	700	5997	132.72
BcK1E1_01683	612	463	3614	120.923
BcK1E1_01684	366	217	2040	145.637
BcK1E1_01685	999	850	32942	600.389
BcK1E1_01686	501	352	14170	623.633
BcK1E1_01687	312	163	3	0.285125
BcK1E1_01688	1656	1507	1381	14.1965
BcK1E1_01689	2673	2524	5640	34.6172
BcK1E1_01690	822	673	158	3.637
BcK1E1_01691	888	739	176	3.68952
BcK1E1_01692	1389	1240	595	7.43356
BcK1E1_01693	1017	868	4670	83.3487
BcK1E1_01694	1038	889	1859	32.3951
BcK1E1_01695	195	46.6066	1	0.332395
BcK1E1_01696	246	97.0001	75	11.9782
BcK1E1_01697	2370	2221	607	4.23391
BcK1E1_01698	1023	874	1103	19.5508
BcK1E1_01699	975	826	993	18.6239
BcK1E1_01700	765	616	774	19.4653
BcK1E1_01701	993	844	3095	56.8093
BcK1E1_01702	264	115	154	20.7455
BcK1E1_01703	624	475	792	25.8305
BcK1E1_01704	906	757	8839	180.888
BcK1E1_01705	1443	1294	20188.2	241.694
BcK1E1_01706	843	694	7792	173.937
BcK1E1_01707	1023	874	27528.4	487.946
BcK1E1_01708	1422	1273	7305	88.8983
BcK1E1_01709	549	400	1615	62.5481
BcK1E1_01710	711	562	1170	32.2516
BcK1E1_01711	1194	1045	284	4.21021
BcK1E1_01712	852	703	1191	26.2457
BcK1E1_01713	1380	1231	5836	73.4444
BcK1E1_01714	657	508	2905	88.5899
BcK1E1_01715	1191	1042	5254	78.1131
BcK1E1_01716	1179	1030	8403	126.386
BcK1E1_01717	759	610	284	7.21257
BcK1E1_01718	102	7.19434	0	0
BcK1E1_01719	1275	1126	2617	36.0053
BcK1E1_01720	1638	1489	20324	211.454
BcK1E1_01721	1467	1318	30751	361.448
BcK1E1_01722	1806	1657	14186	132.629
BcK1E1_01723	621	472	6334	207.892
BcK1E1_01724	1017	868	806	14.3852
BcK1E1_01725	324	175	187	16.5541
BcK1E1_01726	1542	1393	8189	91.0713
BcK1E1_01727	1413	1264	1257	15.406
BcK1E1_01728	1263	1114	703	9.77624
BcK1E1_01729	855	706	2777	60.9358
BcK1E1_01730	807	658	2578	60.6958
BcK1E1_01731	1077	928	1573	26.2592
BcK1E1_01732	2160	2011	3724	28.6879
BcK1E1_01733	885	736	55	1.15767
BcK1E1_01734	705	556	1426	39.7325
BcK1E1_01735	876	727	1782	37.973
BcK1E1_01736	3858	3709	3014	12.5889
BcK1E1_01737	1824	1675	13180	121.9
BcK1E1_01738	1515	1366	1877	21.287
BcK1E1_01739	693	544	572	16.2892
BcK1E1_01740	1638	1489	1159	12.0584
BcK1E1_01741	1119	970	5814	92.8549
BcK1E1_01742	1473	1324	13270	155.269
BcK1E1_01743	1005	856	9141	165.433
BcK1E1_01744	1317	1168	19835	263.082
BcK1E1_01745	1566	1417	24974	273.036
BcK1E1_01746	1791	1642	28082	264.945
BcK1E1_01747	1470	1321	3062	35.9091
BcK1E1_01748	390	241	5338	343.133
BcK1E1_01749	74	5.2474	0	0
BcK1E1_01750	639	490	3544	112.047
BcK1E1_01751	963	814	11412	217.19
BcK1E1_01752	999	850	13898	253.3
BcK1E1_01753	1212	1063	16380	238.716
BcK1E1_01754	957	808	12183	233.585
BcK1E1_01755	705	556	2030	56.5617
BcK1E1_01756	279	130	13062	1556.57
BcK1E1_01757	1482	1333	176542	2051.73
BcK1E1_01758	921	772	136824	2745.66
BcK1E1_01759	1629	1480	239203	2503.84
BcK1E1_01760	828	679	105944	2417.18
BcK1E1_01761	522	373	44953	1867.03
BcK1E1_01762	228	79.0036	21456	4207.3
BcK1E1_01763	810	661	80892	1895.86
BcK1E1_01764	1035	886	3535	61.8098
BcK1E1_01765	76	5.35093	0	0
BcK1E1_01766	936	787	37	0.728331
BcK1E1_01767	2517	2368	45779	299.493
BcK1E1_01768	498	349	43901	1948.72
BcK1E1_01769	567	418	3221	119.376
BcK1E1_01770	762	613	3608	91.1817
BcK1E1_01771	762	613	4721	119.31
BcK1E1_01772	630	481	1205	38.81
BcK1E1_01773	1551	1402	5464	60.376
BcK1E1_01774	2733	2584	86292	517.344
BcK1E1_01775	1995	1846	5271	44.2347
BcK1E1_01776	414	265	2483	145.155
BcK1E1_01777	477	328	330	15.5863
BcK1E1_01778	2103	1954	41394	328.182
BcK1E1_01779	1590	1441	41711	448.423
BcK1E1_01780	312	163	1352	128.496
BcK1E1_01781	1086	937	9420	155.745
BcK1E1_01782	1497	1348	51292	589.469
BcK1E1_01783	1530	1381	55636	624.114
BcK1E1_01784	297	148	7039	736.802
BcK1E1_01785	915	766	4661	94.2653
BcK1E1_01786	672	523	5120	151.66
BcK1E1_01787	1335	1186	3623	47.3244
BcK1E1_01788	7512	7363	15100	31.7705
BcK1E1_01789	936	787	1966	38.6999
BcK1E1_01790	2736	2587	6339	37.96
BcK1E1_01791	861	712	9241	201.067
BcK1E1_01792	843	694	2821	62.9717
BcK1E1_01793	408	259	816	48.8081
BcK1E1_01794	1104	955	1762	28.5828
BcK1E1_01795	729	580	9009	240.63
BcK1E1_01796	501	352	46	2.0245
BcK1E1_01797	1350	1201	2376	30.6482
BcK1E1_01798	1218	1069	169	2.44912
BcK1E1_01799	813	664	426	9.93901
BcK1E1_01800	1167	1018	1362	20.7267
BcK1E1_01801	1032	883	1110	19.4744
BcK1E1_01802	609	460	258	8.68887
BcK1E1_01803	705	556	355	9.89134
BcK1E1_01804	693	544	399	11.3625
BcK1E1_01805	237	88.0006	24.281	4.27447
BcK1E1_01806	75	5.29865	0	0
BcK1E1_01807	213	64.0516	24	5.80474
BcK1E1_01808	447	298	255800	13298
BcK1E1_01809	249	100	69994	10843.3
BcK1E1_01810	660	511	277654	8417.53
BcK1E1_01811	288	139	99062	11040.6
BcK1E1_01812	1014	865	12966	232.216
BcK1E1_01813	1347	1198	729	9.42697
BcK1E1_01814	978	829	4373	81.7197
BcK1E1_01815	957	808	6868	131.68
BcK1E1_01816	1059	910	696	11.8487
BcK1E1_01817	1236	1087	2095	29.8577
BcK1E1_01818	1056	907	2773	47.3635
BcK1E1_01819	372	223	20	1.3894
BcK1E1_01820	252	103	98	14.7398
BcK1E1_01821	291	142	244	26.6197
BcK1E1_01822	309	160	230	22.2694
BcK1E1_01823	120	9.35544	9	14.9032
BcK1E1_01824	1368	1219	5397	68.5883
BcK1E1_01825	150	16.6423	4	3.72346
BcK1E1_01826	465	316	31	1.51976
BcK1E1_01827	2604	2455	6241	39.3826
BcK1E1_01828	381	232	82	5.47555
BcK1E1_01829	1278	1129	1152.4	15.8129
BcK1E1_01830	183	36.0583	17	7.30374
BcK1E1_01831	1035	886	3109	54.3611
BcK1E1_01832	183	36.0583	1	0.429632
BcK1E1_01833	504	355	38	1.65828
BcK1E1_01834	546	397	26	1.01458
BcK1E1_01835	1200	1051	220	3.24281
BcK1E1_01836	996	847	4667	85.3603
BcK1E1_01837	279	130	433	51.5996
BcK1E1_01838	1254	1105	164	2.29923
BcK1E1_01839	948	799	21	0.407168
BcK1E1_01840	1194	1045	905	13.4163
BcK1E1_01841	981	832	1264.6	23.5467
BcK1E1_01842	291	142	662	72.2223
BcK1E1_01843	1968	1819	38475	327.678
BcK1E1_01844	1221	1072	30311	438.033
BcK1E1_01845	849	700	17568	388.8
BcK1E1_01846	1329	1180	9859	129.435
BcK1E1_01847	894	745	11441	237.908
BcK1E1_01848	1449	1300	65242.8	777.482
BcK1E1_01849	1023	874	59890.6	1061.57
BcK1E1_01850	2214	2065	22547	169.149
BcK1E1_01851	954	805	30490	586.764
BcK1E1_01852	2604	2455	9560	60.3265
BcK1E1_01853	813	664	4009	93.534
BcK1E1_01854	1533	1384	3847	43.0614
BcK1E1_01855	363	214	448	32.4314
BcK1E1_01856	504	355	22	0.960055
BcK1E1_01857	822	673	51	1.17397
BcK1E1_01858	792	643	554	13.3475
BcK1E1_01859	159	20.4424	0	0
BcK1E1_01860	918	769	3460	69.703
BcK1E1_01861	1179	1030	5360	80.6175
BcK1E1_01862	762	613	753	19.0299
BcK1E1_01863	642	493	779	24.4789
BcK1E1_01864	441	292	329	17.4548
BcK1E1_01865	1137	988	1403	21.999
BcK1E1_01866	195	46.6066	94	31.2451
BcK1E1_01867	756	607	2405	61.3802
BcK1E1_01868	88	6.07083	0	0
BcK1E1_01869	3053	2904	535.4	2.85617
BcK1E1_01870	1525	1376	42	0.47286
BcK1E1_01871	2421	2272	5897	40.2091
BcK1E1_01872	1326	1177	5133	67.561
BcK1E1_01873	1119	970	3801	60.7055
BcK1E1_01874	792	643	3189	76.8325
BcK1E1_01875	885	736	3751	78.9534
BcK1E1_01876	2178	2029	25278	193.002
BcK1E1_01877	957	808	4055	77.7465
BcK1E1_01878	2358	2209	1580	11.0806
BcK1E1_01879	1410	1261	860	10.5654
BcK1E1_01880	1104	955	1993	32.33
BcK1E1_01881	1038	889	1839	32.0466
BcK1E1_01882	984	835	470	8.71993
BcK1E1_01883	1005	856	507	9.17563
BcK1E1_01884	1521	1372	952	10.7494
BcK1E1_01885	1215	1066	1478	21.4792
BcK1E1_01886	1044	895	4022	69.6178
BcK1E1_01887	312	163	11	1.04546
BcK1E1_01888	1542	1393	382	4.24829
BcK1E1_01889	861	712	1420	30.8965
BcK1E1_01890	738	589	1492	39.2424
BcK1E1_01891	2166	2017	13304	102.183
BcK1E1_01892	267	118	1238	162.532
BcK1E1_01893	318	169	3265	299.294
BcK1E1_01894	1788	1639	6249	59.0654
BcK1E1_01895	1932	1783	7286	63.3052
BcK1E1_01896	1098	949	4136	67.5174
BcK1E1_01897	822	673	1822	41.9406
BcK1E1_01898	1182	1033	2256	33.833
BcK1E1_01899	879	730	331	7.02436
BcK1E1_01900	939	790	403	7.90277
BcK1E1_01901	1308	1159	1324	17.6973
BcK1E1_01902	1023	874	2905	51.4916
BcK1E1_01903	2250	2101	10363	76.4119
BcK1E1_01904	1311	1162	4010	53.4613
BcK1E1_01905	2457	2308	7333	49.2207
BcK1E1_01906	1017	868	5586	99.6972
BcK1E1_01907	1308	1159	1086	14.516
BcK1E1_01908	813	664	275	6.41603
BcK1E1_01909	2001	1852	462	3.86458
BcK1E1_01910	942	793	676	13.2061
BcK1E1_01911	1125	976	2522	40.031
BcK1E1_01912	705	556	2834	78.9635
BcK1E1_01913	123	9.8295	19	29.9449
BcK1E1_01914	2133	1984	6694	52.2692
BcK1E1_01915	1863	1714	33168	299.785
BcK1E1_01916	627	478	41	1.32879
BcK1E1_01917	537	388	29	1.15789
BcK1E1_01918	999	850	5072	92.4404
BcK1E1_01919	246	97.0001	7	1.11796
BcK1E1_01920	198	49.4247	0	0
BcK1E1_01921	510	361	10	0.429135
BcK1E1_01922	360	211	25	1.83552
BcK1E1_01923	858	709	1418	30.9836
BcK1E1_01924	324	175	447	39.5705
BcK1E1_01925	2505	2356	949	6.24011
BcK1E1_01926	303	154	95	9.55662
BcK1E1_01927	495	346	2519	112.786
BcK1E1_01928	1071	922	158	2.65478
BcK1E1_01929	576	427	107	3.88202
BcK1E1_01930	108	7.80511	1	1.98483
BcK1E1_01931	1032	883	328	5.75459
BcK1E1_01932	792	643	2916	70.2551
BcK1E1_01933	675	526	71	2.0911
BcK1E1_01934	978	829	403	7.53099
BcK1E1_01935	123	9.8295	7	11.0323
BcK1E1_01936	636	487	131	4.1672
BcK1E1_01937	954	805	20	0.384889
BcK1E1_01938	363	214	13	0.94109
BcK1E1_01939	957	808	16668	319.576
BcK1E1_01940	2028	1879	1549	12.771
BcK1E1_01941	1512	1363	845	9.60423
BcK1E1_01942	1092	943	425	6.98198
BcK1E1_01943	2445	2296	704	4.7501
BcK1E1_01944	2031	1882	2555	21.0316
BcK1E1_01945	2130	1981	373	2.91693
BcK1E1_01946	1494	1345	235	2.70674
BcK1E1_01947	675	526	150	4.41781
BcK1E1_01948	1788	1639	1064	10.0569
BcK1E1_01949	933	784	563	11.1248
BcK1E1_01950	1035	886	692	12.0997
BcK1E1_01951	663	514	779	23.4788
BcK1E1_01952	537	388	12	0.479127
BcK1E1_01953	699	550	4	0.112668
BcK1E1_01954	315	166	0	0
BcK1E1_01955	534	385	6	0.24143
BcK1E1_01956	687	538	4978	143.342
BcK1E1_01957	74	5.2474	0	0
BcK1E1_01958	525	376	260	10.7124
BcK1E1_01959	324	175	884	78.2557
BcK1E1_01960	912	763	3011	61.1347
BcK1E1_01961	1194	1045	4109	60.9146
BcK1E1_01962	693	544	2589	73.7284
BcK1E1_01963	288	139	3091	344.497
BcK1E1_01964	666	517	9215	276.125
BcK1E1_01965	1038	889	21497	374.609
BcK1E1_01966	681	532	12758	371.512
BcK1E1_01967	1872	1723	48594	436.917
BcK1E1_01968	2028	1879	688	5.67235
BcK1E1_01969	939	790	371	7.27526
BcK1E1_01970	1215	1066	1570	22.8162
BcK1E1_01971	783	634	1545	37.7521
BcK1E1_01972	2163	2014	5408	41.5986
BcK1E1_01973	135	12.1958	3	3.81077
BcK1E1_01974	603	454	1656	56.5075
BcK1E1_01975	600	451	2659	91.3363
BcK1E1_01976	843	694	3860	86.1647
BcK1E1_01977	855	706	3598	78.9511
BcK1E1_01978	1011	862	7485	134.52
BcK1E1_01979	1059	910	3103	52.8253
BcK1E1_01980	1377	1228	1044	13.1705
BcK1E1_01981	1761	1612	1449	13.9253
BcK1E1_01982	1347	1198	39955	516.673
BcK1E1_01983	705	556	4586	127.779
BcK1E1_01984	381	232	2077	138.692
BcK1E1_01985	420	271	2799	160.006
BcK1E1_01986	399	250	2124	131.618
BcK1E1_01987	3053	2904	535.4	2.85617
BcK1E1_01988	1525	1376	42	0.47286
BcK1E1_01989	462	313	676	33.4583
BcK1E1_01990	2997	2848	19270	104.82
BcK1E1_01991	906	757	9603	196.523
BcK1E1_01992	318	169	802	73.5172
BcK1E1_01993	330	181	627	53.6649
BcK1E1_01994	123	9.8295	468.5	738.379
BcK1E1_01995	135	12.1958	1	1.27026
BcK1E1_01996	1479	1330	2046	23.8317
BcK1E1_01997	123	9.8295	468.5	738.379
BcK1E1_01998	1281	1132	4219	57.7384
BcK1E1_01999	1002	853	19712	358
BcK1E1_02000	1410	1261	23878	293.349
BcK1E1_02001	1128	979	415216	6570.42
BcK1E1_02002	717	568	968	26.4015
BcK1E1_02003	1452	1303	2194	26.0852
BcK1E1_02004	1362	1213	1685	21.5199
BcK1E1_02005	1272	1123	1090	15.0366
BcK1E1_02006	558	409	948	35.9076
BcK1E1_02007	2430	2281	3663	24.8779
BcK1E1_02008	702	553	2268	63.5359
BcK1E1_02009	438	289	293	15.7062
BcK1E1_02010	636	487	19002	604.466
BcK1E1_02011	1224	1075	50875	733.158
BcK1E1_02012	1368	1219	53887	684.829
BcK1E1_02013	1521	1372	455780	5146.39
BcK1E1_02014	3069	2920	429342	2277.83
BcK1E1_02015	171	27.2129	11	6.26209
BcK1E1_02016	381	232	472	31.5178
BcK1E1_02017	354	205	547.817	41.3984
BcK1E1_02018	963	814	1991.5	37.9016
BcK1E1_02019	954	805	3120.5	60.0523
BcK1E1_02020	1596	1447	11265.9	120.615
BcK1E1_02021	1185	1036	5003	74.8122
BcK1E1_02022	957	808	4912	94.1778
BcK1E1_02023	270	121	885	113.308
BcK1E1_02024	2349	2200	9735	68.5512
BcK1E1_02025	1437	1288	6452	77.6033
BcK1E1_02026	438	289	680	36.4513
BcK1E1_02027	897	748	1592	32.9718
BcK1E1_02028	822	673	2180	50.1814
BcK1E1_02029	792	643	3704	89.2404
BcK1E1_02030	1278	1129	5704	78.2685
BcK1E1_02031	660	511	1538.18	46.6325
BcK1E1_02032	963	814	1991.5	37.9016
BcK1E1_02033	954	805	3120.5	60.0523
BcK1E1_02034	1578	1429	5612.07	60.8405
BcK1E1_02035	1125	976	4705	74.6812
BcK1E1_02036	1956	1807	9307	79.7909
BcK1E1_02037	897	748	1573	32.5783
BcK1E1_02038	813	664	2555	59.6107
BcK1E1_02039	1248	1099	2692	37.9471
BcK1E1_02040	123	9.8295	18	28.3689
BcK1E1_02041	153	17.7996	18	15.6662
BcK1E1_02042	189	41.1625	18	6.77442
BcK1E1_02043	294	145	154	16.4533
BcK1E1_02044	1767	1618	43828	419.638
BcK1E1_02045	564	415	36594	1366.04
BcK1E1_02046	3053	2904	535.4	2.85617
BcK1E1_02047	1525	1376	42	0.47286
BcK1E1_02048	756	607	3407	86.9531
BcK1E1_02049	1371	1222	1797	22.7813
BcK1E1_02050	1266	1117	22949	318.282
BcK1E1_02051	1821	1672	5414	50.163
BcK1E1_02052	1770	1621	1927	18.4162
BcK1E1_02053	102	7.19434	0	0
BcK1E1_02054	1692	1543	1412	14.1765
BcK1E1_02055	825	676	1053	24.1314
BcK1E1_02056	903	754	1369	28.1277
BcK1E1_02057	1326	1177	6130	80.6837
BcK1E1_02058	1020	871	1678	29.8453
BcK1E1_02059	876	727	376	8.01226
BcK1E1_02060	936	787	557	10.9643
BcK1E1_02061	1293	1144	1803	24.4158
BcK1E1_02062	1203	1054	2793	41.0518
BcK1E1_02063	2313	2164	10847	77.6522
BcK1E1_02064	432	283	309	16.9151
BcK1E1_02065	2073	1924	4874	39.2448
BcK1E1_02066	804	655	2573	60.8555
BcK1E1_02067	582	433	4106	146.904
BcK1E1_02068	672	523	146	4.32467
BcK1E1_02069	609	460	1194	40.2113
BcK1E1_02070	336	187	11379	942.679
BcK1E1_02071	282	133	64	7.4547
BcK1E1_02072	3053	2904	535.4	2.85617
BcK1E1_02073	1525	1376	42	0.47286
BcK1E1_02074	648	499	129250	4012.65
BcK1E1_02075	2937	2788	1924	10.6909
BcK1E1_02076	2064	1915	3740	30.2555
BcK1E1_02077	984	835	8094	150.168
BcK1E1_02078	75	5.29865	0	0
BcK1E1_02079	1476	1327	8158	95.2389
BcK1E1_02080	930	781	5904	117.111
BcK1E1_02081	909	760	4665	95.091
BcK1E1_02082	624	475	4327	141.122
BcK1E1_02083	1464	1315	10607	124.959
BcK1E1_02084	651	502	2778	85.7295
BcK1E1_02085	2172	2023	11172	85.5533
BcK1E1_02086	1716	1567	9057	89.54
BcK1E1_02087	2025	1876	31783	262.46
BcK1E1_02088	1206	1057	2955	43.3096
BcK1E1_02089	636	487	181	5.75773
BcK1E1_02090	123	9.8295	1094	1724.2
BcK1E1_02091	1041	892	8908	154.709
BcK1E1_02092	1545	1396	1311	14.5485
BcK1E1_02093	1356	1207	16802	215.653
BcK1E1_02094	981	832	10245	190.761
BcK1E1_02095	795	646	3977	95.3728
BcK1E1_02096	528	379	5162	210.999
BcK1E1_02097	1035	886	25203	440.677
BcK1E1_02098	285	136	8172	930.874
BcK1E1_02099	135	12.1958	3470	4407.8
